sample	raw	chimera.removed	too_long_variants	collapsed_100	diff.total
GBP23010301M_ITS_P48	10455	10455	10455	10455	1
GBP23010302M_ITS_P96	6470	6386	6386	6386	0.99
GBP23010303M_ITS_P96	11068	11015	11015	11015	1
GBP23010304M_ITS_P96	18320	17968	17968	17968	0.98
GBP23010305M_ITS_P96	700	700	700	700	1
GBP23010501M_ITS_P96	161394	148905	148905	148905	0.92
GBP23010901M_ITS_P96	100	100	100	100	1
GBP23011001M_ITS_P96	51095	50172	50172	50172	0.98
GBP23011101M_ITS_P96	4548	4548	4548	4548	1
GBP23011102M_ITS_P96	10154	10154	10154	10154	1
GBP23020201M_ITS_P96	6264	6258	6258	6258	1
GBP23020202M_ITS_P96	3757	3732	3732	3732	0.99
GBP23020301M_ITS_P96	20416	16550	16550	16550	0.81
GBP23020302M_ITS_P96	105011	91426	91426	91426	0.87
GBP23020303M_ITS_P96	79775	72298	72298	72298	0.91
GBP23020304M_ITS_P96	7157	7110	7110	7110	0.99
GBP23020305M_ITS_P96	1523	1523	1523	1523	1
GBP23020401M_ITS_P96	1344	1306	1306	1306	0.97
GBP23020402M_ITS_P96	7075	6777	6777	6777	0.96
GBP23020403M_ITS_P96	69104	60244	60244	60244	0.87
GBP23020404M_ITS_P48	1591	1565	1565	1565	0.98
GBP23020501M_ITS_P96	2231	2197	2197	2197	0.98
GBP23020601M_ITS_P96	28074	26431	26431	26431	0.94
GBP23020602M_ITS_P96	20	20	20	20	1
GBP23020701M_ITS_P96	28009	24107	24107	24107	0.86
GBP23020801M_ITS_P96	28028	27469	27469	27469	0.98
GBP23020802M_ITS_P96	141	141	141	141	1
GBP23020901M_ITS_P48	19893	19883	19883	19883	1
GBP23020902M_ITS_P96	3779	3779	3779	3779	1
GBP23020903M_ITS_P96	35559	33072	33072	33072	0.93
GBP23021101M_ITS_P96	6972	6820	6820	6820	0.98
GBP23021102M_ITS_P48	56418	55821	55821	55821	0.99
GBP23021103M_ITS_P96	919	919	919	919	1
GBP23021104M_ITS_P96	1756	1742	1742	1742	0.99
GBP23021105M_ITS_P96	56382	52260	52260	52260	0.93
GBP23021401M_ITS_P96	2276	2276	2276	2276	1
GBP23021402M_ITS_P96	7015	6912	6912	6912	0.99
GBP23021501M_ITS_P96	923	923	923	923	1
GBP23021602M_ITS_P96	14	14	14	14	1
GBP23021603M_ITS_P96	113839	103969	103969	103969	0.91
GBP23021604M_ITS_P96	32133	32133	32133	32133	1
GBP23021605M_ITS_P96	25	25	25	25	1
GBP23030101M_ITS_P96	121417	116020	116020	116020	0.96
GBP23030102M_ITS_P96	346	346	346	346	1
GBP23030201M_ITS_P96	17897	17520	17520	17520	0.98
GBP23030501M_ITS_P96	54761	53722	53722	53722	0.98
GBP23031301M_ITS_P96	3876	3840	3840	3840	0.99
GBP23031401M_ITS_P96	605	603	603	603	1
GBP23031402M_ITS_P96	38317	35984	35984	35984	0.94
GBP23031403M_ITS_P48	7190	7138	7138	7138	0.99
GBP23031404M_ITS_P96	2668	2618	2618	2618	0.98
GBP23031405M_ITS_P48	2524	2447	2447	2447	0.97
GBP23031601M_ITS_P96	1009	999	999	999	0.99
GBP23040101M_ITS_P96	326	321	321	321	0.98
GBP23040201M_ITS_P96	11766	11434	11434	11434	0.97
GBP23040202M_ITS_P96	137792	120167	120167	120167	0.87
GBP23040203M_ITS_P96	118132	109831	109831	109831	0.93
GBP23040301M_ITS_P96	10811	10811	10811	10811	1
GBP23040401M_ITS_P96	1600	1570	1570	1570	0.98
GBP23040402M_ITS_P48	682	654	654	654	0.96
GBP23040403M_ITS_P48	89	89	89	89	1
GBP23040701M_ITS_P96	10671	10556	10556	10556	0.99
GBP23040702M_ITS_P48	7522	7335	7335	7335	0.98
GBP23041101M_ITS_P48	100420	98069	98069	98069	0.98
GBP23041102M_ITS_P48	3789	3789	3789	3789	1
GBP23041103M_ITS_P96	1822	1812	1812	1812	0.99
GBP23041104M_ITS_P48	11289	11149	11149	11149	0.99
GBP23041105M_ITS_P96	475	475	475	475	1
GBP23041301M_ITS_P96	4148	4084	4084	4084	0.98
GBP23041302M_ITS_P48	7825	7576	7576	7576	0.97
GBP23041401M_ITS_P96	143852	128174	128174	128174	0.89
GBP23041402M_ITS_P96	8515	8388	8388	8388	0.99
GBP23041403M_ITS_P96	32564	30756	30756	30756	0.94
GBP23041404M_ITS_P96	43268	41689	41689	41689	0.96
GBP23041405M_ITS_P96	1457	1451	1451	1451	1
GBP23041406M_ITS_P96	61224	56327	56327	56327	0.92
GBP23050301M_ITS_P96	7202	7060	7060	7060	0.98
GBP23050401M_ITS_P48	51830	48335	48335	48335	0.93
GBP23050402M_ITS_P48	1476	1476	1476	1476	1
GBP23050403M_ITS_P48	0	0	0	0	NA
GBP23050501M_ITS_P96	529	529	529	529	1
GBP23050502M_ITS_P48	1930	1930	1930	1930	1
GBP23050701M_ITS_P48	15326	15184	15184	15184	0.99
GBP23050702M_ITS_P96	66996	65841	65841	65841	0.98
GBP23051501M_ITS_P96	937	937	937	937	1
GBP23051601M_ITS_P96	3181	3181	3181	3181	1
GBP23051602M_ITS_P96	6786	6730	6730	6730	0.99
GBP23051603M_ITS_P96	324	323	323	323	1
GBP23060101M_ITS_P96	955	950	950	950	0.99
GBP23060102M_ITS_P96	17865	17480	17480	17480	0.98
GBP23060103M_ITS_P48	568	568	568	568	1
GBP23060104M_ITS_P48	37293	37092	37092	37092	0.99
GBP23060105M_ITS_P48	12319	12290	12290	12290	1
GBP23060201M_ITS_P48	53843	52574	52574	52574	0.98
GBP23060202M_ITS_P48	826	805	805	805	0.97
GBP23060203M_ITS_P96	71235	70318	70318	70318	0.99
GBP23060204M_ITS_P48	10384	10312	10312	10312	0.99
GBP23060205M_ITS_P48	23607	23083	23083	23083	0.98
GBP23060301M_ITS_P48	191964	187742	187742	187742	0.98
GBP23060302M_ITS_P48	93785	92628	92628	92628	0.99
GBP23060303M_ITS_P96	2554	2499	2499	2499	0.98
GBP23060304M_ITS_P96	1486	1486	1486	1486	1
GBP23060305M_ITS_P48	35867	34740	34740	34740	0.97
GBP23060401M_ITS_P96	636	636	636	636	1
GBP23060402M_ITS_P96	4491	4407	4407	4407	0.98
GBP23060403M_ITS_P48	5110	5097	5097	5097	1
GBP23060404M_ITS_P96	27959	27928	27928	27928	1
GBP23060501M_ITS_P48	134187	129961	129961	129961	0.97
GBP23060701M_ITS_P96	19983	19845	19845	19845	0.99
GBP23060801M_ITS_P96	2248	2232	2232	2232	0.99
GBP23060901M_ITS_P48	193	193	193	193	1
GBP23061001M_ITS_P48	38145	37260	37260	37260	0.98
GBP23061002M_ITS_P96	6390	6324	6324	6324	0.99
GBP23061003M_ITS_P96	160	160	160	160	1
GBP23061004M_ITS_P96	52819	48270	48270	48270	0.91
GBP23061005M_ITS_P96	2532	2483	2483	2483	0.98
GBP23061201M_ITS_P48	188186	174746	174746	174746	0.93
GBP23061202M_ITS_P96	32870	32096	32096	32096	0.98
GBP23061301M_ITS_P96	7645	7631	7631	7631	1
GBP23061303M_ITS_P48	15490	12961	12961	12961	0.84
GBP23061304M_ITS_P96	8857	8827	8827	8827	1
GBP23061305M_ITS_P96	30213	29983	29983	29983	0.99
GBP23061401M_ITS_P96	43382	42185	42185	42185	0.97
GBP23061402M_ITS_P96	2315	2315	2315	2315	1
GBP23061404M_ITS_P96	10726	10707	10707	10707	1
GBP23061405M_ITS_P48	0	0	0	0	NA
neg1_ITS_P96	399	399	399	399	1
neg2_ITS_P96	1770	1770	1770	1770	1
neg4_ITS_P96	359	359	359	359	1
neg6_ITS_P48	0	0	0	0	NA
neg7_ITS_P48	3	3	3	3	1
neg9_ITS_P48	0	0	0	0	NA
negPCR_ITS_P48	16	16	16	16	1
negPCR_ITS_P96	5112	5112	5112	5112	1
