sample	input	filtered	denoised	merged	tabled	diff1	diff2	diff3	diff4	diff.total
GBP23010301M_ITS_P48	10778	10545	10500	10455	10455	0.98	1	1	1	0.97
GBP23010302M_ITS_P96	6778	6652	6595	6470	6470	0.98	0.99	0.98	1	0.95
GBP23010303M_ITS_P96	11449	11211	11174	11068	11068	0.98	1	0.99	1	0.97
GBP23010304M_ITS_P96	19018	18635	18571	18320	18320	0.98	1	0.99	1	0.96
GBP23010305M_ITS_P96	772	733	724	700	700	0.95	0.99	0.97	1	0.91
GBP23010501M_ITS_P96	172025	165090	164640	161394	161394	0.96	1	0.98	1	0.94
GBP23010901M_ITS_P96	136	107	100	100	100	0.79	0.93	1	1	0.74
GBP23011001M_ITS_P96	53963	52072	51706	51095	51095	0.96	0.99	0.99	1	0.95
GBP23011101M_ITS_P96	4911	4682	4635	4548	4548	0.95	0.99	0.98	1	0.93
GBP23011102M_ITS_P96	10840	10364	10273	10154	10154	0.96	0.99	0.99	1	0.94
GBP23020201M_ITS_P96	7084	6451	6401	6264	6264	0.91	0.99	0.98	1	0.88
GBP23020202M_ITS_P96	4421	3847	3820	3757	3757	0.87	0.99	0.98	1	0.85
GBP23020301M_ITS_P96	21388	20950	20866	20416	20416	0.98	1	0.98	1	0.95
GBP23020302M_ITS_P96	111224	107660	107134	105011	105011	0.97	1	0.98	1	0.94
GBP23020303M_ITS_P96	87955	81639	81356	79775	79775	0.93	1	0.98	1	0.91
GBP23020304M_ITS_P96	7550	7406	7355	7157	7157	0.98	0.99	0.97	1	0.95
GBP23020305M_ITS_P96	1660	1609	1580	1523	1523	0.97	0.98	0.96	1	0.92
GBP23020401M_ITS_P96	1446	1366	1355	1344	1344	0.94	0.99	0.99	1	0.93
GBP23020402M_ITS_P96	8060	7458	7431	7075	7075	0.93	1	0.95	1	0.88
GBP23020403M_ITS_P96	73585	71191	70732	69104	69104	0.97	0.99	0.98	1	0.94
GBP23020404M_ITS_P48	1815	1785	1775	1591	1591	0.98	0.99	0.9	1	0.88
GBP23020501M_ITS_P96	2572	2271	2264	2231	2231	0.88	1	0.99	1	0.87
GBP23020601M_ITS_P96	31394	28469	28386	28074	28074	0.91	1	0.99	1	0.89
GBP23020602M_ITS_P96	31	26	20	20	20	0.84	0.77	1	1	0.65
GBP23020701M_ITS_P96	30132	28793	28624	28009	28009	0.96	0.99	0.98	1	0.93
GBP23020801M_ITS_P96	30428	28939	28776	28028	28028	0.95	0.99	0.97	1	0.92
GBP23020802M_ITS_P96	155	151	141	141	141	0.97	0.93	1	1	0.91
GBP23020901M_ITS_P48	21390	20387	20348	19893	19893	0.95	1	0.98	1	0.93
GBP23020902M_ITS_P96	3937	3838	3812	3779	3779	0.97	0.99	0.99	1	0.96
GBP23020903M_ITS_P96	38990	36585	36362	35559	35559	0.94	0.99	0.98	1	0.91
GBP23021101M_ITS_P96	7509	7215	7136	6972	6972	0.96	0.99	0.98	1	0.93
GBP23021102M_ITS_P48	61042	57354	57285	56418	56418	0.94	1	0.98	1	0.92
GBP23021103M_ITS_P96	987	930	921	919	919	0.94	0.99	1	1	0.93
GBP23021104M_ITS_P96	1905	1817	1803	1756	1756	0.95	0.99	0.97	1	0.92
GBP23021105M_ITS_P96	61015	57551	57499	56382	56382	0.94	1	0.98	1	0.92
GBP23021401M_ITS_P96	3031	2341	2313	2276	2276	0.77	0.99	0.98	1	0.75
GBP23021402M_ITS_P96	7663	7108	7066	7015	7015	0.93	0.99	0.99	1	0.92
GBP23021501M_ITS_P96	1020	977	929	923	923	0.96	0.95	0.99	1	0.9
GBP23021602M_ITS_P96	18	16	14	14	14	0.89	0.88	1	1	0.78
GBP23021603M_ITS_P96	119491	115461	115180	113839	113839	0.97	1	0.99	1	0.95
GBP23021604M_ITS_P96	37969	32255	32212	32133	32133	0.85	1	1	1	0.85
GBP23021605M_ITS_P96	32	32	27	25	25	1	0.84	0.93	1	0.78
GBP23030101M_ITS_P96	129990	122938	122694	121417	121417	0.95	1	0.99	1	0.93
GBP23030102M_ITS_P96	475	369	355	346	346	0.78	0.96	0.97	1	0.73
GBP23030201M_ITS_P96	18396	18165	18107	17897	17897	0.99	1	0.99	1	0.97
GBP23030501M_ITS_P96	64158	55719	55595	54761	54761	0.87	1	0.98	1	0.85
GBP23031301M_ITS_P96	4378	4038	3996	3876	3876	0.92	0.99	0.97	1	0.89
GBP23031401M_ITS_P96	828	661	622	605	605	0.8	0.94	0.97	1	0.73
GBP23031402M_ITS_P96	40465	39098	39016	38317	38317	0.97	1	0.98	1	0.95
GBP23031403M_ITS_P48	8518	7634	7596	7190	7190	0.9	1	0.95	1	0.84
GBP23031404M_ITS_P96	2856	2813	2789	2668	2668	0.98	0.99	0.96	1	0.93
GBP23031405M_ITS_P48	4043	2899	2847	2524	2524	0.72	0.98	0.89	1	0.62
GBP23031601M_ITS_P96	1051	1035	1029	1009	1009	0.98	0.99	0.98	1	0.96
GBP23040101M_ITS_P96	347	331	328	326	326	0.95	0.99	0.99	1	0.94
GBP23040201M_ITS_P96	12173	11943	11910	11766	11766	0.98	1	0.99	1	0.97
GBP23040202M_ITS_P96	144935	141800	141427	137792	137792	0.98	1	0.97	1	0.95
GBP23040203M_ITS_P96	128800	119719	119593	118132	118132	0.93	1	0.99	1	0.92
GBP23040301M_ITS_P96	11478	10941	10909	10811	10811	0.95	1	0.99	1	0.94
GBP23040401M_ITS_P96	1694	1669	1663	1600	1600	0.99	1	0.96	1	0.94
GBP23040402M_ITS_P48	769	688	683	682	682	0.89	0.99	1	1	0.89
GBP23040403M_ITS_P48	101	98	89	89	89	0.97	0.91	1	1	0.88
GBP23040701M_ITS_P96	12699	10844	10794	10671	10671	0.85	1	0.99	1	0.84
GBP23040702M_ITS_P48	8512	7633	7601	7522	7522	0.9	1	0.99	1	0.88
GBP23041101M_ITS_P48	104606	102203	101937	100420	100420	0.98	1	0.99	1	0.96
GBP23041102M_ITS_P48	3998	3896	3862	3789	3789	0.97	0.99	0.98	1	0.95
GBP23041103M_ITS_P96	1945	1896	1872	1822	1822	0.97	0.99	0.97	1	0.94
GBP23041104M_ITS_P48	11944	11656	11579	11289	11289	0.98	0.99	0.97	1	0.95
GBP23041105M_ITS_P96	507	488	479	475	475	0.96	0.98	0.99	1	0.94
GBP23041301M_ITS_P96	4324	4241	4218	4148	4148	0.98	0.99	0.98	1	0.96
GBP23041302M_ITS_P48	8108	7932	7909	7825	7825	0.98	1	0.99	1	0.97
GBP23041401M_ITS_P96	152315	147804	147579	143852	143852	0.97	1	0.97	1	0.94
GBP23041402M_ITS_P96	9100	8956	8866	8515	8515	0.98	0.99	0.96	1	0.94
GBP23041403M_ITS_P96	35635	33583	33491	32564	32564	0.94	1	0.97	1	0.91
GBP23041404M_ITS_P96	45211	44048	43954	43268	43268	0.97	1	0.98	1	0.96
GBP23041405M_ITS_P96	1487	1469	1458	1457	1457	0.99	0.99	1	1	0.98
GBP23041406M_ITS_P96	64159	63044	62882	61224	61224	0.98	1	0.97	1	0.95
GBP23050301M_ITS_P96	8142	7919	7847	7202	7202	0.97	0.99	0.92	1	0.88
GBP23050401M_ITS_P48	57567	53026	52950	51830	51830	0.92	1	0.98	1	0.9
GBP23050402M_ITS_P48	1954	1590	1536	1476	1476	0.81	0.97	0.96	1	0.76
GBP23050403M_ITS_P48	5	4	2	0	0	0.8	0.5	0	NA	0
GBP23050501M_ITS_P96	603	561	539	529	529	0.93	0.96	0.98	1	0.88
GBP23050502M_ITS_P48	2120	2058	2001	1930	1930	0.97	0.97	0.96	1	0.91
GBP23050701M_ITS_P48	16211	15562	15527	15326	15326	0.96	1	0.99	1	0.95
GBP23050702M_ITS_P96	70672	67648	67557	66996	66996	0.96	1	0.99	1	0.95
GBP23051501M_ITS_P96	997	976	968	937	937	0.98	0.99	0.97	1	0.94
GBP23051601M_ITS_P96	3377	3284	3263	3181	3181	0.97	0.99	0.97	1	0.94
GBP23051602M_ITS_P96	7600	7103	7038	6786	6786	0.93	0.99	0.96	1	0.89
GBP23051603M_ITS_P96	449	416	381	324	324	0.93	0.92	0.85	1	0.72
GBP23060101M_ITS_P96	1044	985	971	955	955	0.94	0.99	0.98	1	0.91
GBP23060102M_ITS_P96	19052	18275	18174	17865	17865	0.96	0.99	0.98	1	0.94
GBP23060103M_ITS_P48	698	681	665	568	568	0.98	0.98	0.85	1	0.81
GBP23060104M_ITS_P48	39209	38160	38094	37293	37293	0.97	1	0.98	1	0.95
GBP23060105M_ITS_P48	13641	12472	12432	12319	12319	0.91	1	0.99	1	0.9
GBP23060201M_ITS_P48	59475	54004	53950	53843	53843	0.91	1	1	1	0.91
GBP23060202M_ITS_P48	907	891	884	826	826	0.98	0.99	0.93	1	0.91
GBP23060203M_ITS_P96	76186	72483	72196	71235	71235	0.95	1	0.99	1	0.94
GBP23060204M_ITS_P48	10898	10735	10708	10384	10384	0.99	1	0.97	1	0.95
GBP23060205M_ITS_P48	24752	23951	23934	23607	23607	0.97	1	0.99	1	0.95
GBP23060301M_ITS_P48	202712	195768	195129	191964	191964	0.97	1	0.98	1	0.95
GBP23060302M_ITS_P48	98357	96244	96041	93785	93785	0.98	1	0.98	1	0.95
GBP23060303M_ITS_P96	3009	2616	2593	2554	2554	0.87	0.99	0.98	1	0.85
GBP23060304M_ITS_P96	20144	19389	19360	1486	1486	0.96	1	0.08	1	0.07
GBP23060305M_ITS_P48	38988	37180	37002	35867	35867	0.95	1	0.97	1	0.92
GBP23060401M_ITS_P96	889	796	757	636	636	0.9	0.95	0.84	1	0.72
GBP23060402M_ITS_P96	4824	4640	4621	4491	4491	0.96	1	0.97	1	0.93
GBP23060403M_ITS_P48	6397	5263	5221	5110	5110	0.82	0.99	0.98	1	0.8
GBP23060404M_ITS_P96	35676	28626	28536	27959	27959	0.8	1	0.98	1	0.78
GBP23060501M_ITS_P48	153707	136991	136656	134187	134187	0.89	1	0.98	1	0.87
GBP23060701M_ITS_P96	21372	20231	20182	19983	19983	0.95	1	0.99	1	0.94
GBP23060801M_ITS_P96	2335	2284	2260	2248	2248	0.98	0.99	0.99	1	0.96
GBP23060901M_ITS_P48	252	235	213	193	193	0.93	0.91	0.91	1	0.77
GBP23061001M_ITS_P48	41054	39674	39358	38145	38145	0.97	0.99	0.97	1	0.93
GBP23061002M_ITS_P96	7126	6644	6609	6390	6390	0.93	0.99	0.97	1	0.9
GBP23061003M_ITS_P96	173	169	160	160	160	0.98	0.95	1	1	0.92
GBP23061004M_ITS_P96	55607	53856	53769	52819	52819	0.97	1	0.98	1	0.95
GBP23061005M_ITS_P96	3055	2733	2700	2532	2532	0.89	0.99	0.94	1	0.83
GBP23061201M_ITS_P48	201535	193942	193314	188186	188186	0.96	1	0.97	1	0.93
GBP23061202M_ITS_P96	35045	33046	33007	32870	32870	0.94	1	1	1	0.94
GBP23061301M_ITS_P96	8251	7731	7692	7645	7645	0.94	0.99	0.99	1	0.93
GBP23061303M_ITS_P48	17573	16348	16234	15490	15490	0.93	0.99	0.95	1	0.88
GBP23061304M_ITS_P96	9282	9081	9008	8857	8857	0.98	0.99	0.98	1	0.95
GBP23061305M_ITS_P96	31268	30442	30369	30213	30213	0.97	1	0.99	1	0.97
GBP23061401M_ITS_P96	53512	44783	44578	43382	43382	0.84	1	0.97	1	0.81
GBP23061402M_ITS_P96	2453	2385	2373	2315	2315	0.97	0.99	0.98	1	0.94
GBP23061404M_ITS_P96	11323	10973	10935	10726	10726	0.97	1	0.98	1	0.95
GBP23061405M_ITS_P48	7	5	1	0	0	0.71	0.2	0	NA	0
neg1_ITS_P96	478	457	431	399	399	0.96	0.94	0.93	1	0.83
neg2_ITS_P96	2133	2045	1986	1770	1770	0.96	0.97	0.89	1	0.83
neg4_ITS_P96	464	434	426	359	359	0.94	0.98	0.84	1	0.77
neg6_ITS_P48	1	1	1	0	0	1	1	0	NA	0
neg7_ITS_P48	7	6	3	3	3	0.86	0.5	1	1	0.43
neg9_ITS_P48	14	14	4	0	0	1	0.29	0	NA	0
negPCR_ITS_P48	20	20	16	16	16	1	0.8	1	1	0.8
negPCR_ITS_P96	5510	5262	5145	5112	5112	0.95	0.98	0.99	1	0.93
