sample_name	year	period	site	specimen	color_p	color_s	type	plate	quant_reading
PBLANKP0101I_ITS_trimmed	NA	pNA	sNA	NA1	red	red	negative	med	116
Y23010501PI_ITS_trimmed	NA	pNA	sNA	NA2	red	red	negative	med	95658
Y23020402PI_ITS_trimmed	NA	pNA	sNA	NA3	red	red	negative	med	94120
Y23030102PI_ITS_trimmed	NA	pNA	sNA	NA4	red	red	negative	med	95625
Y23031301PI_ITS_trimmed	NA	pNA	sNA	NA5	red	red	negative	med	84998
Y23031403PI_ITS_trimmed	NA	pNA	sNA	NA6	red	red	negative	med	97759
Y23040403PI_ITS_trimmed	NA	pNA	sNA	NA7	red	red	negative	med	98421
Y23041401PI_ITS_trimmed	NA	pNA	sNA	NA8	red	red	negative	med	90453
Y23041402PI_ITS_trimmed	NA	pNA	sNA	NA9	red	red	negative	med	95246
Y23050301PI_ITS_trimmed	NA	pNA	sNA	NA10	red	red	negative	med	98978
Y23050403PI_ITS_trimmed	NA	pNA	sNA	NA11	red	red	negative	med	79099
Y23050701PI_ITS_trimmed	NA	pNA	sNA	NA12	red	red	negative	med	97725
Y23050702PI_ITS_trimmed	NA	pNA	sNA	NA13	red	red	negative	med	109213
Y23060101PI_ITS_trimmed	NA	pNA	sNA	NA14	red	red	negative	med	93667
Y23060102PI_ITS_trimmed	NA	pNA	sNA	NA15	red	red	negative	med	52968
Y23060103PI_ITS_trimmed	NA	pNA	sNA	NA16	red	red	negative	med	93219
Y23060104PI_ITS_trimmed	NA	pNA	sNA	NA17	red	red	negative	med	93447
Y23060204PI_ITS_trimmed	NA	pNA	sNA	NA18	red	red	negative	med	95236
Y23060301PI_ITS_trimmed	NA	pNA	sNA	NA19	red	red	negative	med	103730
Y23060302PI_ITS_trimmed	NA	pNA	sNA	NA20	red	red	negative	med	9773
Y23060303PI_ITS_trimmed	NA	pNA	sNA	NA21	red	red	negative	med	94030
Y23060404PI_ITS_trimmed	NA	pNA	sNA	NA22	red	red	negative	med	97647
Y23061001PI_ITS_trimmed	NA	pNA	sNA	NA23	red	red	negative	med	98033
Y23061401PI_ITS_trimmed	NA	pNA	sNA	NA24	red	red	negative	med	107722
Y23061402PI_ITS_trimmed	NA	pNA	sNA	NA25	red	red	negative	med	92285
Y23061405PI_ITS_trimmed	NA	pNA	sNA	NA26	red	red	negative	med	98796
Y24010310PI_ITS_trimmed	NA	pNA	sNA	NA27	red	red	negative	med	97125
Y24020304PI_ITS_trimmed	NA	pNA	sNA	NA28	red	red	negative	med	2836
Y24021104PI_ITS_trimmed	NA	pNA	sNA	NA29	red	red	negative	med	98397
Y24030205PI_ITS_trimmed	NA	pNA	sNA	NA30	red	red	negative	med	63171
Y24031303PI_ITS_trimmed	NA	pNA	sNA	NA31	red	red	negative	med	86044
Y24031601PI_ITS_trimmed	NA	pNA	sNA	NA32	red	red	negative	med	150431
Y24031606PI_ITS_trimmed	NA	pNA	sNA	NA33	red	red	negative	med	128799
Y24040303PI_ITS_trimmed	NA	pNA	sNA	NA34	red	red	negative	med	95574
Y24041102PI_ITS_trimmed	NA	pNA	sNA	NA35	red	red	negative	med	97386
Y24041303PI_ITS_trimmed	NA	pNA	sNA	NA36	red	red	negative	med	96081
Y24041308PI_ITS_trimmed	NA	pNA	sNA	NA37	red	red	negative	med	48965
Y24041407PI_ITS_trimmed	NA	pNA	sNA	NA38	red	red	negative	med	52653
Y24041409PI_ITS_trimmed	NA	pNA	sNA	NA39	red	red	negative	med	91898
Y24050104PI_ITS_trimmed	NA	pNA	sNA	NA40	red	red	negative	med	91174
Y24050106PI_ITS_trimmed	NA	pNA	sNA	NA41	red	red	negative	med	98085
Y24051002PI_ITS_trimmed	NA	pNA	sNA	NA42	red	red	negative	med	59272
Y24051003PI_ITS_trimmed	NA	pNA	sNA	NA43	red	red	negative	med	94977
Y24051004PI_ITS_trimmed	NA	pNA	sNA	NA44	red	red	negative	med	93542
Y24051102PI_ITS_trimmed	NA	pNA	sNA	NA45	red	red	negative	med	96531
Y24051301PI_ITS_trimmed	NA	pNA	sNA	NA46	red	red	negative	med	100253
Y24051307PI_ITS_trimmed	NA	pNA	sNA	NA47	red	red	negative	med	97341
Y24051404PI_ITS_trimmed	NA	pNA	sNA	NA48	red	red	negative	med	49124
Y24051407PI_ITS_trimmed	NA	pNA	sNA	NA49	red	red	negative	med	90719
Y24051502PI_ITS_trimmed	NA	pNA	sNA	NA50	red	red	negative	med	94676
Y24051503PI_ITS_trimmed	NA	pNA	sNA	NA51	red	red	negative	med	98444
Y24051506PI_ITS_trimmed	NA	pNA	sNA	NA52	red	red	negative	med	95871
Y24051601PI_ITS_trimmed	NA	pNA	sNA	NA53	red	red	negative	med	96727
Y24051602PI_ITS_trimmed	NA	pNA	sNA	NA54	red	red	negative	med	95480
Y24051603PI_ITS_trimmed	NA	pNA	sNA	NA55	red	red	negative	med	64437
Y24051607PI_ITS_trimmed	NA	pNA	sNA	NA56	red	red	negative	med	98054
Y24051608PI_ITS_trimmed	NA	pNA	sNA	NA57	red	red	negative	med	55428
