"";"sample";"year";"period";"site";"specimen";"color_p";"color_s";"type";"plate";"quant_reading";"is.neg";"Abelmoschus";"Achillea";"Aconitum";"Actinidia";"Aegilops";"Aegonychon";"Agrostis";"Ajuga";"Allium";"Alnus";"Anagallis";"Anemone";"Anthoxanthum";"Anthyllis";"Arabis";"Arenaria";"Arrhenatherum";"Bellis";"Betula";"Brachypodium";"Brassica";"Caltha";"Campanula";"Cardamine";"Carduus";"Carex";"Castanea";"Chaerophyllum";"Chrysosplenium";"Cirsium";"Citrus";"Clematis";"Clinopodium";"Colocasia";"Conium";"Crataegus";"Crepis";"Cucumis";"Daboecia";"Dactylis";"Digitalis";"Echium";"Erica";"Erinus";"Erodium";"Erucastrum";"Eryngium";"Erysimum";"Erythronium";"Eucalyptus";"Fagus";"Festuca";"Galium";"Genista";"Gentiana";"Geranium";"Glandora";"Glechoma";"Globularia";"Helianthemum";"Helleborus";"Herniaria";"Hieracium";"Hippocrepis";"Holcus";"Hypericum";"Hypochaeris";"Iberis";"Ilex";"Jasione";"Juglans";"Lamium";"Lathraea";"Lathyrus";"Leontodon";"Leucanthemum";"Linaria";"Linum";"Lithodora";"Lolium";"Lotus";"Melampyrum";"Myosotis";"Narcissus";"Oxalis";"Parietaria";"Pedicularis";"Pilosella";"Pinguicula";"Plantago";"Platanus";"Pleuropterus";"Poa";"Polygala";"Potentilla";"Primula";"Pritzelago";"Prunella";"Prunus";"Pulmonaria";"Pyrus";"Quercus";"Ranunculus";"Raphanus";"Rhinanthus";"Robinia";"Rosa";"Rubus";"Salix";"Sambucus";"Scrophularia";"Sedum";"Sideritis";"Silybum";"Sisymbrium";"Solanum";"Stellaria";"Symphytum";"Taraxacum";"Teucrium";"Thymus";"Tornabenea";"Tragopogon";"Trifolium";"Tripleurospermum";"Ulex";"Urtica";"Vaccinium";"Veronica";"Vicia";"Viola"
"1";"GBP23010301M_ITS_P48";23;1;3;"01M";"#440154FF";"#240C4FFF";"sample";"P48";10455;FALSE;0;0;0;0;0;0;0;0;0;0;0;0;0;0;0;0;0;0;0;0;0;0;0;0;0;0;0;0;0;0;0;0;0;0;0;0;0;0;0;0;0;0;0;0;0;0;0;0;0;0;0;0;0;0;0;0;9;0;18;0;14;0;0;0;0;0;0;0;0;0;0;0;0;3892;0;0;0;0;0;0;0;0;0;0;0;0;0;0;0;0;0;0;0;0;0;0;0;0;15;22;0;0;0;0;0;0;0;0;0;0;0;0;0;0;0;0;0;0;0;0;0;0;0;53;0;0;0;0;0;9;0
"2";"GBP23010302M_ITS_P96";23;1;3;"02M";"#440154FF";"#240C4FFF";"sample";"P96";6470;FALSE;0;0;0;0;0;0;0;0;0;0;0;0;0;0;0;0;0;0;0;0;0;0;0;0;0;0;0;0;0;0;0;0;0;0;0;0;0;0;0;0;0;0;0;0;0;0;0;0;0;0;0;0;0;0;0;0;0;0;0;0;77;0;0;0;0;0;0;0;0;0;0;0;0;673;0;0;0;0;0;0;8;0;0;0;0;0;0;0;0;0;0;0;0;0;0;0;0;0;0;76;0;0;0;0;0;0;0;0;0;0;0;0;0;0;0;0;0;0;0;0;0;0;0;0;0;0;0;0;0;683;0
"3";"GBP23010303M_ITS_P96";23;1;3;"03M";"#440154FF";"#240C4FFF";"sample";"P96";11068;FALSE;0;0;0;0;0;0;0;0;0;0;0;0;0;0;0;0;0;0;0;0;0;0;0;0;0;0;0;0;0;0;0;0;0;0;0;0;0;0;0;0;0;0;0;0;0;0;0;0;0;0;5;0;0;0;0;0;17;0;0;0;0;0;0;0;0;0;0;0;0;0;0;0;0;4319;0;0;0;0;0;0;0;0;0;0;0;0;32;0;0;0;0;0;0;3;0;0;0;0;0;124;0;0;0;0;0;0;0;0;0;0;0;0;0;0;0;0;0;0;46;0;0;0;0;0;0;0;0;0;0;14;20
"4";"GBP23010304M_ITS_P96";23;1;3;"04M";"#440154FF";"#240C4FFF";"sample";"P96";18320;FALSE;0;0;0;0;0;0;0;0;0;0;0;3;0;0;0;0;0;0;0;0;0;0;0;0;0;0;0;6;0;0;0;0;0;0;0;0;0;0;0;0;0;0;0;0;0;0;0;0;0;0;0;0;0;0;0;0;13;0;0;0;92;0;0;0;0;0;0;0;0;0;0;0;0;3698;0;0;0;0;0;0;0;0;0;0;0;0;0;0;0;0;0;0;0;0;0;0;0;0;0;0;0;0;0;0;0;0;0;0;0;0;0;0;0;0;0;0;0;0;0;0;0;0;0;0;0;0;0;0;0;0;1066
"5";"GBP23010305M_ITS_P96";23;1;3;"05M";"#440154FF";"#240C4FFF";"sample";"P96";700;FALSE;0;0;0;0;0;0;0;0;0;0;0;0;0;0;0;0;0;0;0;0;0;0;0;0;0;0;0;0;0;0;0;0;0;0;0;0;0;0;0;0;0;0;0;0;0;0;0;0;0;0;0;0;0;0;0;0;196;0;0;0;0;0;0;0;0;0;0;0;0;0;0;0;0;151;0;0;0;0;0;0;0;0;0;0;0;0;0;0;0;0;0;0;0;0;0;3;0;0;0;15;0;0;0;0;0;0;0;0;0;0;0;0;0;0;0;0;0;0;41;0;0;0;0;0;0;0;0;0;0;0;0
"6";"GBP23010501M_ITS_P96";23;1;5;"01M";"#440154FF";"#5D126EFF";"sample";"P96";161394;FALSE;0;0;0;0;0;0;0;0;0;0;0;43;0;0;0;0;0;133;27;0;0;0;0;0;0;0;0;0;0;0;0;0;0;0;0;0;0;0;8;0;0;0;0;0;0;0;0;0;17;0;0;0;0;0;0;0;437;0;0;0;23298;0;0;0;0;6;0;0;0;0;0;0;0;963;0;0;0;0;0;0;106;0;0;513;87;0;0;0;0;0;70;0;0;287;12;191;0;0;375;610;0;30;4;0;0;0;0;12;9;0;0;0;0;0;0;0;0;0;1261;0;0;0;0;48;0;0;4;4460;14;0;1257
"7";"GBP23010901M_ITS_P96";23;1;9;"01M";"#440154FF";"#C73E4CFF";"sample";"P96";100;FALSE;0;0;0;0;0;0;0;0;0;0;0;0;0;0;0;0;0;0;0;0;0;0;0;0;0;0;0;0;0;0;0;0;0;0;0;0;0;0;0;0;0;0;0;0;0;0;0;0;0;0;0;0;0;0;0;0;0;0;0;0;20;0;0;0;0;0;0;0;0;0;0;0;0;0;0;0;0;0;0;0;0;0;0;0;0;0;0;0;0;0;0;0;0;0;0;0;0;0;0;0;0;0;0;0;0;0;0;0;0;0;0;0;0;0;0;0;0;0;0;0;0;0;0;0;0;0;0;0;0;0;0
"8";"GBP23011001M_ITS_P96";23;1;10;"01M";"#440154FF";"#DD513AFF";"sample";"P96";51095;FALSE;9;0;0;0;0;0;0;0;0;0;0;0;0;52;0;0;0;0;185;0;0;0;0;0;0;0;0;0;0;0;0;0;0;0;0;0;0;0;0;0;0;0;0;0;320;8;0;16;0;0;793;0;0;0;0;0;2;0;0;0;25854;0;0;0;0;0;0;0;0;0;0;951;0;0;10;0;103;0;0;0;12;0;0;0;7;0;281;0;0;66;0;0;0;0;64;343;0;38;0;7;0;67;0;0;0;0;0;0;0;0;0;0;0;0;0;0;0;17285;288;0;0;0;0;1010;0;453;0;0;0;234;30
"9";"GBP23011101M_ITS_P96";23;1;11;"01M";"#440154FF";"#ED6925FF";"sample";"P96";4548;FALSE;0;0;0;0;0;0;0;0;0;0;0;0;0;0;0;0;0;0;0;0;0;0;0;0;0;0;0;0;0;0;0;0;0;0;0;0;0;0;0;0;0;0;0;0;0;0;0;0;0;0;0;0;0;0;0;0;47;0;0;0;0;0;0;0;0;0;0;0;0;0;0;0;0;0;0;0;0;0;5;0;39;0;0;0;0;0;0;0;0;0;0;0;0;2;0;0;0;0;0;20;26;0;0;0;0;0;0;0;0;0;0;0;0;0;0;0;0;0;0;0;0;0;0;0;0;0;0;0;0;15;3
"10";"GBP23011102M_ITS_P96";23;1;11;"02M";"#440154FF";"#ED6925FF";"sample";"P96";10154;FALSE;0;0;0;0;0;0;0;0;0;0;0;0;0;0;0;0;0;0;8;0;0;0;0;0;0;0;0;0;0;15;0;0;0;0;0;0;0;0;0;0;0;0;37;0;0;0;0;0;0;0;0;0;0;0;0;0;408;0;0;0;10;0;0;0;0;0;0;0;0;0;0;0;0;0;0;0;0;0;0;0;4;0;0;0;0;0;0;0;0;21;0;0;0;0;0;0;0;0;0;0;0;15;125;0;0;0;5;0;0;0;0;0;0;0;0;0;0;0;41;0;0;0;0;16;0;0;0;22;0;255;337
"11";"GBP23020201M_ITS_P96";23;2;2;"01M";"#414487FF";"#0C0826FF";"sample";"P96";6264;FALSE;0;0;0;0;0;0;0;0;0;0;0;0;0;0;8;0;0;22;0;0;0;0;0;5;0;0;0;0;164;0;0;0;0;0;0;0;0;0;7;0;0;0;0;0;0;0;0;0;0;0;0;0;0;0;0;0;55;0;0;0;0;0;0;0;0;0;0;0;0;0;0;0;0;0;0;0;18;0;0;0;22;0;0;0;3;0;3;0;0;0;0;0;0;0;337;372;19;0;0;0;0;0;0;0;0;0;0;0;0;0;0;0;0;0;0;0;0;0;662;0;0;0;0;0;0;0;0;0;0;9;3580
"12";"GBP23020202M_ITS_P96";23;2;2;"02M";"#414487FF";"#0C0826FF";"sample";"P96";3757;FALSE;0;0;0;0;0;0;0;0;0;0;0;0;0;0;0;0;0;5;0;0;0;0;0;0;0;0;0;0;0;0;0;0;0;0;0;0;0;0;0;0;0;0;0;0;0;0;0;0;0;0;0;0;0;0;0;0;16;0;0;0;0;0;0;0;0;0;0;0;0;0;0;0;0;0;0;0;0;0;0;0;0;0;0;0;0;0;0;0;0;0;0;0;0;0;0;4;0;0;0;0;0;0;0;0;0;0;0;0;0;0;0;0;0;0;0;0;0;0;2032;0;0;0;0;0;0;0;0;0;0;212;980
"13";"GBP23020301M_ITS_P96";23;2;3;"01M";"#414487FF";"#240C4FFF";"sample";"P96";20416;FALSE;0;0;0;0;0;0;0;0;0;0;0;0;0;0;0;0;0;0;0;0;0;0;0;0;0;0;0;0;0;0;0;0;0;0;0;0;0;0;0;0;0;0;0;0;0;0;0;0;0;0;0;0;0;0;0;0;18;0;0;0;13;0;0;10;0;0;0;0;0;0;0;0;0;1560;0;0;0;0;0;0;0;0;0;0;0;0;0;0;0;0;0;0;0;0;0;222;0;0;0;0;0;0;0;0;0;0;0;0;0;0;0;0;0;0;0;0;0;0;51;0;0;0;0;0;0;0;0;0;0;10659;833
"14";"GBP23020302M_ITS_P96";23;2;3;"02M";"#414487FF";"#240C4FFF";"sample";"P96";105011;FALSE;0;0;0;0;0;0;0;25;0;0;0;0;0;0;0;0;0;0;0;0;0;15;0;0;0;0;0;0;0;0;0;0;0;0;0;0;0;0;0;0;0;0;0;0;0;0;0;0;0;0;0;0;0;0;0;0;195;0;0;0;35;0;0;0;0;0;0;0;0;0;0;0;0;7863;0;0;0;0;2;0;0;0;0;0;0;0;1044;0;0;0;0;0;0;0;0;0;0;0;0;515;0;0;0;0;0;0;0;0;0;0;0;0;0;0;0;0;0;52968;38;0;0;0;0;0;0;0;0;0;0;8579;66
"15";"GBP23020303M_ITS_P96";23;2;3;"03M";"#414487FF";"#240C4FFF";"sample";"P96";79775;FALSE;0;0;0;0;0;31;0;0;0;0;0;0;0;0;0;0;0;0;0;0;0;0;0;0;0;0;0;0;0;61;0;0;0;0;0;0;0;0;0;0;0;0;0;0;0;15;0;82;0;0;0;0;0;0;0;0;66;0;0;0;199;0;0;0;0;0;0;0;0;0;0;0;0;8743;0;0;0;0;0;0;0;0;0;0;0;0;0;0;0;0;0;0;0;0;0;0;0;0;0;15658;0;0;41;0;0;0;0;0;0;0;0;0;0;0;0;0;0;6916;41;0;0;0;0;0;0;0;0;0;0;4566;111
"16";"GBP23020304M_ITS_P96";23;2;3;"04M";"#414487FF";"#240C4FFF";"sample";"P96";7157;FALSE;0;0;0;0;0;0;0;0;0;0;0;0;0;0;0;0;0;0;0;0;0;0;0;0;0;0;0;0;0;0;0;0;0;0;0;0;0;0;0;0;0;0;0;0;0;0;0;0;0;0;9;0;0;0;0;0;313;10;0;0;10;0;0;0;0;0;0;0;0;0;0;0;2;1312;0;0;0;0;0;0;44;0;0;0;0;0;0;0;0;0;0;0;0;6;3;9;0;0;0;101;0;0;0;0;0;0;0;0;0;0;0;0;0;0;0;0;0;101;18;0;0;0;0;163;0;0;0;0;0;311;28
"17";"GBP23020305M_ITS_P96";23;2;3;"05M";"#414487FF";"#240C4FFF";"sample";"P96";1523;FALSE;0;0;0;0;0;0;0;3;0;0;0;0;0;0;0;0;0;0;0;0;0;0;0;0;0;0;0;0;0;0;0;0;0;0;0;0;0;0;0;0;0;0;0;0;0;0;0;0;0;0;0;0;0;0;0;0;6;0;0;0;0;0;0;0;0;0;0;0;0;0;0;0;0;190;0;0;0;0;0;0;0;0;0;0;0;0;0;0;0;0;0;0;0;0;0;0;0;0;0;0;0;0;0;0;0;0;0;0;0;0;0;0;0;0;0;0;0;33;3;0;0;0;0;0;0;0;0;0;0;58;0
"18";"GBP23020401M_ITS_P96";23;2;4;"01M";"#414487FF";"#420A68FF";"sample";"P96";1344;FALSE;0;0;0;0;0;0;0;0;0;0;0;0;0;0;0;0;0;0;0;0;0;0;0;0;0;0;0;0;0;0;0;0;0;0;0;0;0;0;0;0;0;0;0;0;0;0;0;0;0;0;0;0;0;0;0;0;0;0;0;0;0;0;0;0;0;0;0;0;0;0;0;0;0;0;0;0;0;0;0;0;0;0;0;0;0;0;0;0;0;0;0;0;0;0;0;0;0;0;0;0;0;0;0;0;0;0;0;0;0;0;0;0;0;0;0;0;0;0;0;0;0;0;0;0;0;0;0;0;0;1306;0
"19";"GBP23020402M_ITS_P96";23;2;4;"02M";"#414487FF";"#420A68FF";"sample";"P96";7075;FALSE;0;0;0;0;0;0;0;0;0;0;0;0;0;0;0;0;0;0;0;0;0;0;0;0;0;0;0;0;0;0;0;0;0;0;0;0;0;0;0;0;0;0;0;0;0;0;0;0;0;0;0;0;0;306;0;0;41;0;0;0;0;0;0;0;0;0;0;0;0;0;0;0;0;183;0;0;0;0;0;0;39;0;0;0;0;0;0;0;0;0;0;0;0;0;0;0;0;0;0;2522;0;0;0;0;0;0;0;0;0;0;0;0;0;0;0;0;0;92;112;0;0;0;0;0;0;0;0;0;0;3025;11
"20";"GBP23020403M_ITS_P96";23;2;4;"03M";"#414487FF";"#420A68FF";"sample";"P96";69104;FALSE;0;0;0;0;0;0;0;0;0;0;7;0;0;0;0;0;0;0;0;0;0;0;0;0;0;0;0;0;0;0;0;0;0;0;0;0;0;0;27;0;0;0;0;0;0;0;0;0;0;0;0;0;0;0;0;0;12449;0;0;0;14;0;0;0;0;0;0;0;0;0;0;0;786;6033;0;0;0;0;0;0;0;0;0;0;3;0;9;0;0;0;0;0;0;0;0;0;0;0;0;20;16;0;0;0;0;0;0;0;0;0;0;0;0;0;0;0;0;0;0;0;0;0;0;0;0;0;0;419;0;39;2244
"21";"GBP23020404M_ITS_P48";23;2;4;"04M";"#414487FF";"#420A68FF";"sample";"P48";1591;FALSE;0;0;0;0;0;0;0;0;0;0;0;0;0;0;0;0;0;0;0;0;0;0;0;0;0;0;0;0;0;0;0;0;0;0;0;0;0;0;0;0;0;0;0;0;0;0;0;0;0;0;0;0;0;0;0;0;0;0;0;0;0;0;0;0;0;0;0;0;0;0;0;0;0;128;0;0;0;0;0;0;0;0;0;0;0;0;0;0;0;0;0;0;0;0;0;0;0;0;0;20;0;0;0;0;0;0;0;0;0;0;0;0;0;0;0;0;0;7;0;0;0;0;0;0;0;0;0;0;0;1108;0
"22";"GBP23020501M_ITS_P96";23;2;5;"01M";"#414487FF";"#5D126EFF";"sample";"P96";2231;FALSE;0;0;0;0;0;0;0;0;0;0;0;0;0;0;0;0;0;0;0;0;0;0;0;0;0;0;0;0;0;0;0;0;0;0;0;0;0;0;0;0;0;0;0;0;0;0;0;0;0;0;0;0;0;0;0;0;321;0;0;0;0;0;0;0;0;0;0;0;0;0;0;0;0;0;0;0;0;0;0;0;0;0;0;0;0;0;0;0;0;0;0;0;0;0;0;0;0;0;0;0;0;0;0;0;0;0;0;0;0;0;0;0;0;0;0;0;0;0;0;0;0;0;0;0;0;0;0;0;0;0;0
"23";"GBP23020601M_ITS_P96";23;2;6;"01M";"#414487FF";"#781C6DFF";"sample";"P96";28074;FALSE;0;0;0;0;0;0;0;0;0;0;0;50;0;0;0;0;0;0;14;0;0;210;0;0;0;0;0;0;0;0;0;0;0;0;0;0;0;0;0;0;0;0;6;0;0;0;0;0;0;0;7;0;0;0;0;0;0;0;0;0;0;0;0;0;0;0;0;0;0;0;0;0;0;666;0;0;0;0;15;0;0;0;0;0;0;0;8065;0;16;0;0;0;0;0;0;0;0;0;0;0;0;0;0;0;0;0;0;0;0;0;0;0;0;0;0;0;0;0;0;0;0;0;0;0;0;0;0;13;0;0;275
"24";"GBP23020602M_ITS_P96";23;2;6;"02M";"#414487FF";"#781C6DFF";"sample";"P96";20;FALSE;0;0;0;0;0;0;0;0;0;0;0;0;0;0;0;0;0;0;0;0;0;0;0;0;0;0;0;0;0;0;0;0;0;0;0;0;0;0;0;0;0;0;0;0;0;0;0;0;0;0;0;0;0;0;0;0;6;0;0;0;0;0;0;0;0;0;0;0;0;0;0;0;0;0;0;0;0;0;0;0;0;0;0;0;0;0;4;0;0;0;0;0;0;0;0;0;0;0;0;0;0;0;0;0;0;0;0;0;0;0;0;0;0;0;0;0;0;0;0;0;0;0;0;2;0;0;0;0;0;0;8
"25";"GBP23020701M_ITS_P96";23;2;7;"01M";"#414487FF";"#932667FF";"sample";"P96";28009;FALSE;0;0;0;0;0;0;0;0;0;0;0;0;0;0;0;0;0;80;0;0;0;0;0;0;0;0;0;0;0;0;0;0;0;0;0;0;0;0;0;0;0;0;0;0;0;0;0;0;0;0;0;0;0;0;0;0;3;0;0;0;0;0;0;0;0;0;0;0;0;0;0;0;0;523;0;0;0;0;0;0;0;0;0;0;3246;0;0;0;0;0;0;0;0;71;57;0;0;0;0;0;0;0;0;0;0;0;0;0;0;0;0;0;0;0;0;0;0;0;2040;0;0;0;0;0;0;0;0;407;0;39;8832
"26";"GBP23020801M_ITS_P96";23;2;8;"01M";"#414487FF";"#AE305CFF";"sample";"P96";28028;FALSE;0;0;0;0;0;0;0;0;0;0;0;680;0;0;0;0;0;0;0;0;0;0;0;0;0;0;0;0;0;0;0;0;0;7;0;0;0;0;14;0;0;0;0;0;0;0;0;0;0;0;25;0;0;0;0;0;0;0;0;0;0;0;0;0;0;0;0;0;0;0;0;0;0;148;0;0;0;0;0;0;4;0;0;0;0;0;27;8;0;0;0;0;0;0;0;0;0;0;19;53;0;0;0;0;0;0;0;0;0;0;0;0;0;0;0;0;0;14;17;0;0;0;0;0;0;0;0;777;0;122;0
"27";"GBP23020802M_ITS_P96";23;2;8;"02M";"#414487FF";"#AE305CFF";"sample";"P96";141;FALSE;0;0;0;0;0;0;0;0;0;0;0;0;0;0;0;0;0;0;0;0;0;0;0;0;0;0;0;0;0;0;0;0;0;0;0;0;0;0;0;0;0;0;0;0;0;0;0;0;0;0;0;0;0;0;0;0;0;0;0;0;0;0;0;0;0;0;0;0;0;0;0;0;0;0;0;0;0;0;0;0;0;0;0;0;0;0;0;0;0;0;0;0;0;0;0;0;0;0;0;0;0;0;0;0;0;0;0;0;0;0;0;0;0;0;0;0;0;0;0;0;0;0;0;0;0;0;0;0;0;0;0
"28";"GBP23020901M_ITS_P48";23;2;9;"01M";"#414487FF";"#C73E4CFF";"sample";"P48";19893;FALSE;0;0;0;0;0;0;0;0;0;0;0;0;0;0;0;0;0;58;0;0;0;56;0;0;0;8;0;0;0;0;0;0;0;0;0;0;0;0;0;0;0;0;0;0;0;0;0;0;0;0;25;0;0;8;0;0;3;0;0;0;0;0;0;0;0;0;0;0;0;3;0;0;0;0;0;0;27;0;0;0;475;0;0;0;0;0;0;0;0;0;0;0;0;0;25;0;0;0;0;0;0;12;0;0;0;0;0;29;0;0;0;0;0;0;0;0;0;0;6;0;0;0;0;0;0;9;0;0;10;49;16132
"29";"GBP23020902M_ITS_P96";23;2;9;"02M";"#414487FF";"#C73E4CFF";"sample";"P96";3779;FALSE;0;0;0;0;0;0;0;0;0;0;0;27;0;0;0;0;0;0;0;0;0;0;0;0;0;0;0;0;0;0;0;0;0;0;0;0;0;0;0;0;0;0;0;0;0;0;0;0;0;0;0;0;0;0;0;0;0;0;0;0;0;0;0;0;0;0;0;0;0;0;0;0;0;555;0;0;0;0;0;0;0;0;63;0;5;0;0;0;0;0;0;0;0;8;0;0;0;0;0;11;0;0;0;0;0;0;0;0;0;0;0;0;0;0;0;0;0;0;0;0;0;0;0;0;0;0;0;0;0;0;0
"30";"GBP23020903M_ITS_P96";23;2;9;"03M";"#414487FF";"#C73E4CFF";"sample";"P96";35559;FALSE;0;0;0;0;0;0;0;0;0;0;0;0;0;0;0;0;0;3;5;0;0;0;0;0;0;0;0;0;0;0;0;0;0;0;0;0;0;0;0;0;0;0;12;0;0;0;0;0;0;0;0;0;0;0;0;0;11;0;0;0;0;0;0;0;0;0;0;0;0;0;0;0;0;1762;0;0;0;0;0;0;1739;0;0;0;0;0;12392;0;0;0;0;0;0;9;0;0;0;0;0;0;0;0;0;0;0;0;0;0;0;0;0;0;0;0;0;0;0;0;32;0;0;0;0;0;0;0;0;0;0;136;6984
"31";"GBP23021101M_ITS_P96";23;2;11;"01M";"#414487FF";"#ED6925FF";"sample";"P96";6972;FALSE;0;0;0;0;0;0;0;0;0;0;0;0;0;0;0;0;0;0;0;0;0;0;0;0;0;0;0;0;0;0;0;0;0;0;0;0;0;0;0;0;0;0;0;0;0;0;0;0;0;0;0;0;0;0;0;0;942;0;0;0;0;0;0;0;0;0;0;0;0;0;0;0;0;269;0;0;0;0;0;0;0;0;0;0;0;0;67;0;0;0;0;0;0;0;0;12;0;0;0;31;0;0;0;0;0;0;0;0;0;0;0;0;0;0;0;0;0;0;0;0;0;0;0;0;0;0;0;101;0;1871;64
"32";"GBP23021102M_ITS_P48";23;2;11;"02M";"#414487FF";"#ED6925FF";"sample";"P48";56418;FALSE;0;0;0;0;0;0;0;7;0;0;0;11;0;0;0;0;0;0;0;0;0;0;0;0;0;0;0;0;0;0;0;0;0;0;0;0;0;0;0;0;0;0;329;0;0;0;0;0;0;0;0;0;0;0;0;0;9;0;0;0;5;0;0;0;0;0;0;0;0;0;0;0;0;0;0;0;0;0;0;0;5;0;0;0;0;0;53419;0;0;0;0;0;0;0;0;0;0;0;0;0;0;0;0;0;0;0;0;0;0;0;0;0;0;0;0;0;0;0;5;0;0;0;0;861;0;0;0;0;11;0;0
"33";"GBP23021103M_ITS_P96";23;2;11;"03M";"#414487FF";"#ED6925FF";"sample";"P96";919;FALSE;0;0;0;0;0;0;0;0;0;0;0;0;0;0;0;0;0;0;0;0;0;0;0;0;0;0;0;0;0;0;0;0;0;0;0;0;0;0;0;0;0;0;0;0;0;0;0;0;0;0;0;0;0;0;0;0;0;0;0;0;0;0;0;0;0;0;0;0;0;0;0;0;0;0;0;0;0;0;0;0;0;0;0;0;0;0;0;0;0;0;0;0;0;0;0;0;0;0;0;0;0;0;0;0;0;0;0;0;0;0;0;0;0;0;0;0;0;0;0;0;0;0;0;0;0;0;0;0;0;0;0
"34";"GBP23021104M_ITS_P96";23;2;11;"04M";"#414487FF";"#ED6925FF";"sample";"P96";1756;FALSE;0;0;0;0;0;0;0;0;0;0;0;0;0;0;0;0;0;0;0;0;0;0;0;0;0;0;0;0;0;0;0;0;0;0;0;0;0;0;0;0;0;0;249;0;0;0;0;0;0;0;0;0;0;0;0;0;0;0;0;0;0;0;0;0;0;0;0;0;0;0;0;0;0;0;0;0;0;0;0;0;53;0;0;0;0;0;265;0;0;0;0;0;0;0;0;0;0;0;0;0;0;0;0;0;0;0;0;0;0;0;0;0;0;0;0;0;0;0;0;0;0;0;0;0;0;0;0;0;0;11;0
"35";"GBP23021105M_ITS_P96";23;2;11;"05M";"#414487FF";"#ED6925FF";"sample";"P96";56382;FALSE;0;0;0;0;0;0;0;0;0;0;0;0;10;0;0;0;0;0;0;0;0;0;0;0;0;0;0;0;0;0;0;0;0;0;0;0;0;0;0;0;0;0;5;0;0;0;0;0;0;0;0;0;0;5;0;0;20848;0;0;0;0;0;0;0;0;0;0;0;0;0;0;0;0;0;0;0;0;0;0;0;12;0;0;0;0;0;30;0;0;0;0;0;0;0;0;0;0;0;0;0;0;2;0;0;0;10;0;6;0;0;0;0;0;0;0;0;0;0;0;0;0;0;0;3;0;0;0;2641;0;0;0
"36";"GBP23021401M_ITS_P96";23;2;14;"01M";"#414487FF";"#FAC62DFF";"sample";"P96";2276;FALSE;0;0;0;0;0;0;0;0;0;0;0;0;0;0;44;0;0;0;0;0;0;0;0;0;0;0;0;0;0;0;0;0;0;0;0;0;0;0;0;0;0;0;0;0;0;0;0;0;0;0;70;0;0;0;0;0;17;0;0;0;140;0;0;0;0;0;0;0;0;0;0;0;0;0;0;0;0;0;0;0;12;0;0;0;0;0;1245;0;0;0;0;0;0;0;0;0;0;0;0;0;0;0;0;0;0;0;0;0;0;0;0;0;0;0;0;0;0;0;0;0;0;0;0;0;0;0;0;0;0;136;78
"37";"GBP23021402M_ITS_P96";23;2;14;"02M";"#414487FF";"#FAC62DFF";"sample";"P96";7015;FALSE;0;0;0;0;0;0;0;0;0;0;5;0;0;0;68;0;0;0;0;0;0;0;0;0;0;0;0;0;0;0;0;0;0;0;0;0;0;0;0;0;0;0;0;0;0;0;0;3484;0;0;0;0;0;0;0;0;0;0;73;0;0;0;0;0;0;0;0;0;0;0;0;0;0;0;0;0;26;0;0;0;18;0;0;0;0;0;0;0;0;0;0;0;0;0;0;0;0;0;0;0;0;0;1412;0;0;0;0;0;0;0;0;0;0;0;0;0;0;0;0;0;0;0;0;0;0;0;0;0;0;1826;0
"38";"GBP23021501M_ITS_P96";23;2;15;"01M";"#414487FF";"#F2E661FF";"sample";"P96";923;FALSE;0;0;0;0;0;0;0;0;0;0;0;0;0;0;13;0;0;0;0;0;0;0;0;0;0;0;0;0;0;0;0;0;0;0;0;0;0;0;0;0;0;0;0;0;0;0;0;0;0;0;8;0;0;0;0;0;15;0;0;0;0;0;0;0;0;0;0;0;0;0;0;0;0;0;0;0;0;0;0;0;0;0;0;0;0;0;0;0;0;0;0;0;0;0;0;0;0;0;0;260;0;0;0;0;0;0;0;0;0;0;0;0;0;0;0;0;0;33;262;0;0;0;0;0;0;0;0;0;0;0;0
"39";"GBP23021602M_ITS_P96";23;2;16;"02M";"#414487FF";"#FCFFA4FF";"sample";"P96";14;FALSE;0;0;0;0;0;0;0;0;0;0;0;0;0;0;0;0;0;0;0;0;0;0;0;0;0;0;0;0;0;0;0;0;0;0;0;0;0;0;0;0;0;0;0;0;0;0;0;0;0;0;0;0;0;0;0;0;0;0;0;0;0;0;0;0;0;0;0;14;0;0;0;0;0;0;0;0;0;0;0;0;0;0;0;0;0;0;0;0;0;0;0;0;0;0;0;0;0;0;0;0;0;0;0;0;0;0;0;0;0;0;0;0;0;0;0;0;0;0;0;0;0;0;0;0;0;0;0;0;0;0;0
"40";"GBP23021603M_ITS_P96";23;2;16;"03M";"#414487FF";"#FCFFA4FF";"sample";"P96";113839;FALSE;0;0;0;0;0;0;0;0;0;0;0;0;0;0;0;0;0;34;5;0;0;15;0;163;0;0;0;0;0;44;0;0;0;0;0;0;0;0;0;0;0;0;0;0;0;0;0;28;0;0;306;0;0;4;0;0;124;0;0;0;4600;0;0;0;6;0;0;0;0;0;0;0;0;20252;0;0;0;0;0;0;50;0;0;0;6;0;27608;32;0;0;0;0;0;0;0;60;0;0;0;0;0;0;11;0;0;0;0;8;0;0;0;0;0;0;0;0;0;317;233;0;0;0;0;35;0;0;0;0;0;16920;3401
"41";"GBP23021604M_ITS_P96";23;2;16;"04M";"#414487FF";"#FCFFA4FF";"sample";"P96";32133;FALSE;0;0;0;0;0;0;0;0;0;0;0;0;0;0;0;0;0;0;0;0;0;0;0;0;0;0;0;0;0;0;0;0;0;0;0;0;0;0;0;0;0;0;0;0;0;0;0;0;0;84;0;0;0;220;0;0;358;0;0;0;0;0;0;0;0;0;0;0;0;0;0;0;0;0;0;0;0;0;0;0;0;0;0;0;0;0;28945;0;0;0;0;0;0;0;0;0;0;0;0;0;0;0;0;0;49;0;0;11;0;0;0;0;0;0;0;0;0;33;114;0;0;0;0;46;0;0;0;0;50;118;1031
"42";"GBP23021605M_ITS_P96";23;2;16;"05M";"#414487FF";"#FCFFA4FF";"sample";"P96";25;FALSE;0;0;0;0;0;0;0;0;0;0;0;0;0;0;0;0;0;0;0;0;0;0;0;0;0;0;0;0;0;0;0;0;0;0;0;0;0;0;0;0;0;0;0;0;0;0;0;0;0;0;0;0;0;0;0;0;0;0;0;0;0;0;0;0;0;0;0;0;0;0;0;0;0;0;0;0;0;0;0;0;0;0;0;0;0;0;6;0;0;0;0;0;0;0;0;0;0;0;0;0;0;0;0;0;0;0;0;0;0;0;0;0;0;0;0;0;0;0;6;0;0;0;0;0;0;0;0;0;0;0;8
"43";"GBP23030101M_ITS_P96";23;3;1;"01M";"#2A788EFF";"#000004FF";"sample";"P96";121417;FALSE;0;51;0;0;0;0;0;22;0;0;0;0;14;18565;0;0;0;41;0;0;0;0;0;42;0;0;0;0;0;0;0;0;0;0;0;17;0;0;2;0;0;0;0;0;0;3409;0;4473;0;7;0;0;0;16;13;0;476;0;166;0;0;0;10;0;0;0;0;0;0;0;0;0;0;1459;0;0;0;0;0;0;67;0;501;0;0;0;75420;0;0;0;0;0;0;0;0;0;0;0;0;0;0;0;31;0;0;0;78;0;0;0;0;0;0;0;3;0;0;329;253;0;0;0;0;31;0;0;0;0;75;5000;52
"44";"GBP23030102M_ITS_P96";23;3;1;"02M";"#2A788EFF";"#000004FF";"sample";"P96";346;FALSE;0;0;0;0;0;0;0;0;0;0;0;0;0;0;0;0;0;0;0;0;0;0;0;0;0;0;0;0;0;0;0;0;0;0;0;30;0;0;0;0;0;0;0;0;0;0;0;0;0;0;0;0;0;0;0;0;0;0;0;0;0;0;0;0;0;0;0;0;0;0;0;0;0;0;0;0;0;0;0;0;0;0;0;0;0;0;0;0;0;0;0;0;0;0;0;0;0;0;0;0;0;0;0;0;0;0;0;0;0;0;0;0;0;0;0;0;0;0;0;0;0;0;0;0;0;0;0;0;0;316;0
"45";"GBP23030201M_ITS_P96";23;3;2;"01M";"#2A788EFF";"#0C0826FF";"sample";"P96";17897;FALSE;0;0;0;0;0;0;0;0;0;0;0;0;0;0;0;0;0;118;0;0;7;0;0;0;0;0;0;0;0;0;0;0;0;0;0;0;0;0;0;0;0;0;0;0;0;0;0;0;0;0;0;0;0;0;0;0;193;0;21;0;0;0;0;0;0;0;0;0;0;0;0;16;0;3018;0;0;125;0;0;0;101;0;0;0;0;0;263;0;0;0;0;0;0;0;18;0;0;0;0;0;0;0;0;0;0;0;0;0;0;0;0;0;0;0;0;2;0;0;15;0;0;0;0;336;0;0;0;0;0;10541;60
"46";"GBP23030501M_ITS_P96";23;3;5;"01M";"#2A788EFF";"#5D126EFF";"sample";"P96";54761;FALSE;0;0;0;0;0;0;0;0;0;0;0;11;0;0;0;0;0;0;0;0;0;0;0;0;0;0;0;0;0;0;0;0;0;0;0;0;0;0;3;0;0;0;0;0;0;0;0;0;0;0;0;0;0;0;0;0;4433;0;0;0;421;0;0;0;0;0;0;0;15;0;0;0;0;3612;0;0;0;0;0;0;8;0;0;0;119;0;16;0;0;0;0;0;0;0;0;0;0;0;0;0;0;20;5;0;0;0;0;0;0;0;0;0;0;0;0;0;0;0;108;0;0;0;0;0;0;0;0;2072;0;160;613
"47";"GBP23031301M_ITS_P96";23;3;13;"01M";"#2A788EFF";"#FCA50AFF";"sample";"P96";3876;FALSE;0;0;0;0;0;0;0;0;0;0;0;0;0;0;0;0;0;0;0;0;0;0;0;0;0;0;0;0;0;0;0;0;0;0;0;0;0;0;0;0;0;0;0;0;0;0;0;0;0;0;0;0;0;0;0;0;0;0;0;0;0;0;0;0;0;0;0;0;0;0;0;0;0;0;0;0;102;0;0;0;316;0;0;0;0;0;0;0;0;0;0;0;0;0;0;0;0;0;0;0;0;0;0;0;0;0;4;0;0;0;0;0;0;0;0;0;0;0;0;0;0;0;0;0;0;0;0;0;0;3403;0
"48";"GBP23031401M_ITS_P96";23;3;14;"01M";"#2A788EFF";"#FAC62DFF";"sample";"P96";605;FALSE;0;0;0;0;0;0;0;0;0;0;0;0;0;0;0;0;0;2;0;0;0;0;0;0;0;0;0;0;0;0;0;0;0;0;0;0;0;0;0;0;0;0;0;0;0;0;0;0;0;0;0;0;0;0;0;0;0;0;0;0;0;0;0;8;0;0;0;0;0;0;0;87;0;0;0;0;0;0;0;0;0;0;0;0;0;0;17;0;0;0;0;0;0;0;0;0;0;0;0;0;0;0;0;0;0;0;0;0;0;0;0;0;0;0;0;0;0;0;254;0;0;0;0;0;0;0;0;0;0;235;0
"49";"GBP23031402M_ITS_P96";23;3;14;"02M";"#2A788EFF";"#FAC62DFF";"sample";"P96";38317;FALSE;0;0;0;0;0;0;0;44;0;0;0;0;0;0;0;0;0;42;0;0;0;0;0;0;0;0;0;0;0;0;0;0;0;0;0;0;3;0;0;0;0;0;0;0;0;0;0;0;0;0;0;0;0;41;0;14;0;0;0;0;0;0;0;98;0;0;0;0;0;0;2;0;0;0;0;0;0;0;0;0;5915;0;0;0;0;0;0;2;0;0;0;0;0;0;28;0;0;0;0;0;0;0;142;0;0;0;0;0;0;0;0;0;0;0;0;0;0;0;3;0;0;0;0;0;0;0;0;0;49;29570;0
"50";"GBP23031403M_ITS_P48";23;3;14;"03M";"#2A788EFF";"#FAC62DFF";"sample";"P48";7190;FALSE;0;0;0;0;0;0;0;0;0;0;0;0;0;0;0;0;0;0;0;0;0;0;0;0;0;0;0;0;0;0;0;0;0;0;7;0;0;0;3;0;6;0;0;0;0;0;0;46;0;0;0;0;0;455;0;0;75;0;0;0;0;0;0;164;0;0;0;0;0;0;0;94;0;0;0;0;1941;0;0;0;1343;0;0;0;0;0;0;0;0;0;0;0;0;0;0;0;0;0;0;0;0;0;0;0;0;0;0;268;0;0;0;0;0;0;8;0;0;0;0;0;0;0;0;6;0;0;0;0;9;2686;0
"51";"GBP23031404M_ITS_P96";23;3;14;"04M";"#2A788EFF";"#FAC62DFF";"sample";"P96";2668;FALSE;0;0;0;0;0;0;0;0;0;0;0;0;0;0;0;0;0;0;0;0;0;0;0;0;0;0;0;0;0;0;0;0;0;0;0;0;0;0;0;0;0;0;0;0;0;0;0;0;0;0;0;0;0;0;0;0;7;0;0;0;0;0;0;3;0;0;0;0;0;0;0;3;0;0;0;0;40;0;0;0;164;0;0;0;0;0;0;0;0;0;0;0;0;0;0;0;0;0;0;0;0;0;0;0;0;0;0;0;0;0;0;0;0;0;0;0;0;0;0;0;0;0;0;0;0;0;0;0;0;2401;0
"52";"GBP23031405M_ITS_P48";23;3;14;"05M";"#2A788EFF";"#FAC62DFF";"sample";"P48";2524;FALSE;0;0;0;0;7;0;0;0;0;0;0;0;0;0;151;0;0;0;0;0;0;0;0;9;0;0;0;0;0;4;0;0;0;0;0;0;0;0;0;0;0;0;0;0;0;0;0;28;0;0;109;0;0;0;0;0;0;0;55;0;0;0;0;0;0;0;0;0;0;0;0;0;0;0;0;0;0;0;0;0;112;0;0;0;0;0;223;14;0;0;0;10;0;0;0;0;0;0;0;0;0;0;0;0;0;0;26;0;0;0;0;0;0;0;0;0;0;0;0;0;0;0;0;29;0;0;0;0;111;701;24
"53";"GBP23031601M_ITS_P96";23;3;16;"01M";"#2A788EFF";"#FCFFA4FF";"sample";"P96";1009;FALSE;0;0;0;0;0;0;0;0;0;0;0;0;0;0;0;0;0;0;0;0;0;0;0;0;0;0;0;0;0;0;0;0;0;0;0;0;0;0;0;0;0;2;0;0;0;0;0;0;0;0;0;0;0;0;0;0;0;0;0;0;0;0;0;5;0;0;0;0;0;0;0;0;0;0;0;0;0;0;0;0;0;0;0;0;0;0;0;0;0;0;0;0;0;0;0;0;0;0;0;0;0;0;0;0;0;0;0;0;0;0;0;0;0;0;0;0;0;0;0;0;0;0;0;0;0;0;0;0;0;992;0
"54";"GBP23040101M_ITS_P96";23;4;1;"01M";"#22A884FF";"#000004FF";"sample";"P96";326;FALSE;0;0;0;0;0;0;0;3;0;0;0;0;0;0;0;0;0;0;0;0;0;0;0;0;0;0;0;0;0;0;0;0;0;0;0;0;0;0;0;0;0;0;0;0;0;0;0;0;0;0;0;0;0;0;0;0;0;0;0;0;0;0;0;0;0;0;0;0;0;0;0;0;0;0;0;0;10;0;0;0;7;0;0;0;0;0;0;0;0;0;0;0;0;0;0;0;0;0;0;0;0;0;0;0;0;0;0;0;0;0;0;0;0;0;0;0;0;0;0;0;0;0;0;0;0;0;0;0;0;301;0
"55";"GBP23040201M_ITS_P96";23;4;2;"01M";"#22A884FF";"#0C0826FF";"sample";"P96";11766;FALSE;0;0;0;0;0;0;0;122;0;0;0;0;0;0;0;0;0;0;0;0;0;0;0;0;0;0;0;0;0;0;0;0;0;0;0;0;0;0;0;0;0;0;0;0;0;0;0;0;0;0;0;0;0;0;0;0;0;0;0;0;0;0;0;0;0;0;0;0;0;0;0;0;0;0;0;0;0;0;0;0;114;0;196;0;0;0;0;0;0;0;0;0;0;0;0;0;0;0;0;0;0;0;0;0;0;0;0;0;0;0;0;0;0;0;0;0;0;0;0;0;0;0;0;0;0;0;0;0;0;11002;0
"56";"GBP23040202M_ITS_P96";23;4;2;"02M";"#22A884FF";"#0C0826FF";"sample";"P96";137792;FALSE;0;0;0;11;0;0;0;30;30;0;0;0;0;50;0;0;0;193;0;0;0;0;0;0;0;0;0;0;0;0;0;0;0;0;0;2;0;0;0;0;0;0;0;0;0;0;0;8;0;0;0;0;0;63;0;518;0;0;0;0;0;0;0;0;0;0;0;0;0;0;0;110;0;0;7;0;13641;0;0;0;43394;0;1566;0;0;0;12;4;0;34;0;0;0;0;0;0;100;0;0;0;0;0;0;0;65;0;0;846;0;0;0;0;0;0;0;4;0;0;0;57;0;0;0;807;0;0;0;0;271;57433;0
"57";"GBP23040203M_ITS_P96";23;4;2;"03M";"#22A884FF";"#0C0826FF";"sample";"P96";118132;FALSE;0;15;0;0;0;0;0;0;0;0;0;0;0;14;0;0;0;0;0;0;0;0;0;0;0;0;0;0;0;0;0;0;0;0;0;0;0;0;0;16;0;4;13;9;0;0;0;0;0;0;0;0;0;0;0;0;0;0;0;0;0;0;0;0;0;0;0;0;0;0;0;0;0;0;0;0;219;0;0;0;327;0;7;0;0;0;22;0;0;0;0;0;0;0;0;0;0;0;0;0;0;0;88;0;0;0;0;5;0;0;0;0;0;0;0;0;0;95;0;0;0;0;0;67;0;4;0;0;9;108691;0
"58";"GBP23040301M_ITS_P96";23;4;3;"01M";"#22A884FF";"#240C4FFF";"sample";"P96";10811;FALSE;0;0;0;0;0;0;0;0;0;0;0;0;0;0;0;0;0;27;0;0;0;0;0;0;0;0;0;0;0;0;0;0;0;0;0;0;0;0;3;0;0;0;0;0;0;0;0;0;0;0;0;0;0;0;0;0;1596;0;0;0;0;0;0;11;0;0;0;0;0;0;0;0;0;51;0;0;47;0;0;0;1055;0;0;0;0;0;11;0;0;0;0;3;0;0;0;0;0;0;0;0;0;0;0;0;0;0;0;0;0;0;0;0;0;0;0;0;0;0;0;153;0;0;0;0;0;0;0;0;0;7461;0
"59";"GBP23040401M_ITS_P96";23;4;4;"01M";"#22A884FF";"#420A68FF";"sample";"P96";1600;FALSE;0;0;0;0;0;0;0;0;0;0;0;0;0;0;0;0;0;0;0;0;0;0;0;0;0;0;0;0;0;0;0;0;0;0;0;0;0;0;0;0;0;10;0;0;0;0;0;0;0;0;0;0;0;0;0;0;0;0;0;0;0;0;0;0;0;0;0;0;0;0;0;0;0;0;0;0;0;0;0;0;0;0;0;0;0;0;0;0;0;0;0;0;0;0;0;0;0;0;0;0;0;0;0;0;0;0;0;0;0;0;0;0;0;0;0;0;0;0;0;0;0;0;0;0;0;0;0;0;0;1560;0
"60";"GBP23040402M_ITS_P48";23;4;4;"02M";"#22A884FF";"#420A68FF";"sample";"P48";682;FALSE;0;0;0;0;0;0;0;0;0;0;0;0;0;0;0;0;0;0;0;0;0;0;0;0;0;0;0;0;0;0;0;0;0;0;0;0;0;0;0;0;0;0;0;0;0;0;0;0;0;0;0;0;0;0;0;0;0;0;0;0;0;0;0;0;0;0;0;0;0;0;0;0;0;0;0;0;0;0;0;0;20;0;0;0;0;0;0;0;0;0;0;0;0;0;0;0;0;0;0;0;0;0;0;0;0;0;0;0;0;0;0;0;0;0;0;0;0;0;0;0;0;0;0;0;0;0;0;0;0;634;0
"61";"GBP23040403M_ITS_P48";23;4;4;"03M";"#22A884FF";"#420A68FF";"sample";"P48";89;FALSE;0;0;0;0;0;0;0;0;0;0;0;0;0;0;0;0;0;0;0;0;0;0;0;0;0;0;0;0;0;0;0;0;0;0;0;0;0;0;0;0;0;0;0;0;0;0;0;0;0;0;0;0;0;0;0;0;0;0;0;0;0;0;0;0;0;0;0;0;0;0;0;0;0;0;0;0;0;0;0;0;0;0;0;0;0;0;0;0;0;0;0;0;0;0;0;0;0;0;0;0;0;0;0;0;0;0;0;0;0;0;0;0;0;0;0;0;0;0;0;0;0;0;0;0;0;0;0;0;0;89;0
"62";"GBP23040701M_ITS_P96";23;4;7;"01M";"#22A884FF";"#932667FF";"sample";"P96";10671;FALSE;0;0;0;0;0;0;0;989;0;0;0;0;0;0;0;0;0;0;0;0;0;0;0;0;0;0;0;0;0;0;0;0;0;0;0;0;0;0;70;0;0;10;0;0;0;0;0;0;0;0;0;0;0;0;0;0;0;0;0;0;0;0;0;0;0;0;0;0;0;0;0;0;0;13;0;0;4;0;0;0;6;0;2447;0;0;0;324;17;0;28;0;0;0;0;0;0;0;0;0;0;0;0;0;0;0;0;0;11;0;0;0;0;0;0;0;0;0;137;0;0;0;0;0;6373;0;0;0;0;10;38;7
"63";"GBP23040702M_ITS_P48";23;4;7;"02M";"#22A884FF";"#932667FF";"sample";"P48";7522;FALSE;0;0;0;0;0;0;0;223;0;0;0;0;0;0;0;0;0;0;0;0;0;0;0;0;0;0;0;0;0;0;0;0;0;0;0;0;0;0;37;0;0;0;0;0;0;0;0;0;0;0;0;0;0;0;0;0;8;0;0;0;0;0;0;0;0;0;0;0;0;0;0;0;0;7;0;0;0;0;0;0;23;0;93;0;12;0;302;0;0;0;0;0;0;0;0;0;0;0;0;0;0;0;0;0;0;0;0;0;0;0;0;0;0;0;0;0;0;0;70;0;0;0;0;6268;0;0;0;0;229;0;27
"64";"GBP23041101M_ITS_P48";23;4;11;"01M";"#22A884FF";"#ED6925FF";"sample";"P48";100420;FALSE;0;12;0;0;0;0;0;0;0;0;0;0;0;14;0;0;0;4;0;0;0;0;0;0;0;0;0;0;0;0;0;0;0;0;0;0;0;0;404;0;5110;0;0;0;0;0;0;0;0;0;0;6;0;13;0;0;78495;0;0;0;0;0;0;0;0;0;0;0;0;38;0;0;0;0;0;0;481;0;0;0;3704;0;0;0;0;0;0;0;0;0;0;0;0;0;0;0;0;0;0;0;0;0;0;0;0;0;0;356;0;0;0;0;0;0;0;0;0;0;0;0;0;0;0;93;0;0;0;0;46;1301;8
"65";"GBP23041102M_ITS_P48";23;4;11;"02M";"#22A884FF";"#ED6925FF";"sample";"P48";3789;FALSE;0;0;0;0;0;0;0;0;0;0;0;0;0;0;0;0;0;0;0;0;0;0;0;0;0;0;0;0;0;0;0;0;0;0;0;0;0;0;1105;0;408;0;149;0;0;0;0;0;0;0;0;0;0;24;0;0;893;0;0;0;0;0;0;0;0;0;0;0;0;0;0;0;0;0;0;0;60;0;0;0;432;0;0;0;0;0;0;3;0;0;0;3;0;0;0;0;0;0;0;0;0;0;0;0;0;0;0;231;0;61;0;0;0;0;0;0;0;0;0;22;0;0;0;8;0;0;0;0;4;278;0
"66";"GBP23041103M_ITS_P96";23;4;11;"03M";"#22A884FF";"#ED6925FF";"sample";"P96";1822;FALSE;0;15;0;0;0;0;0;0;0;0;0;0;0;0;0;0;0;0;0;0;0;0;0;0;0;0;0;0;0;0;0;0;0;0;0;127;0;0;0;0;0;0;0;0;0;0;0;0;0;0;0;0;0;0;0;0;19;0;0;0;0;0;0;0;0;32;0;0;0;269;0;0;0;34;0;0;0;0;0;0;0;0;0;0;0;0;0;0;0;0;0;4;0;0;0;0;0;0;0;0;0;0;4;0;0;0;0;0;0;0;0;0;0;0;0;0;0;0;0;0;0;0;0;0;0;0;0;0;7;1057;0
"67";"GBP23041104M_ITS_P48";23;4;11;"04M";"#22A884FF";"#ED6925FF";"sample";"P48";11289;FALSE;0;0;0;0;0;0;0;0;0;0;0;0;0;0;0;0;0;12;0;0;0;0;0;0;0;0;0;0;0;0;0;0;0;0;0;0;0;0;2316;0;1352;37;430;0;0;0;0;0;0;0;0;0;0;0;0;0;5156;0;0;0;0;0;0;0;0;6;0;0;0;0;0;0;0;0;0;0;0;0;0;0;85;0;0;0;0;0;36;0;0;16;0;2;0;0;3;0;0;0;0;0;0;0;0;0;0;0;0;66;0;0;0;0;0;0;0;0;0;0;50;129;0;0;0;5;0;0;0;0;9;1113;0
"68";"GBP23041105M_ITS_P96";23;4;11;"05M";"#22A884FF";"#ED6925FF";"sample";"P96";475;FALSE;0;0;0;0;0;0;0;0;0;0;0;0;0;0;0;0;0;0;0;0;0;0;0;0;0;0;0;0;0;0;0;0;0;0;0;0;0;0;52;0;6;0;19;0;0;0;0;0;0;0;0;0;0;0;0;0;37;0;0;0;0;0;0;0;0;0;0;0;0;0;0;0;0;0;0;0;0;0;0;0;220;0;0;0;0;0;0;0;0;0;0;0;0;0;0;0;0;0;0;0;0;0;15;0;0;0;0;0;0;0;0;0;0;0;0;0;0;0;0;0;0;0;0;0;0;0;0;0;0;0;0
"69";"GBP23041301M_ITS_P96";23;4;13;"01M";"#22A884FF";"#FCA50AFF";"sample";"P96";4148;FALSE;0;0;0;0;0;0;0;0;0;0;0;0;0;0;0;0;0;0;0;0;0;0;0;0;0;0;0;0;0;0;0;0;0;0;0;0;0;0;0;0;0;0;0;0;0;0;0;0;0;0;0;0;0;0;0;0;0;0;0;0;0;0;0;0;0;0;0;0;0;0;0;0;0;0;0;0;4;0;0;0;49;0;0;0;0;0;0;0;0;0;0;0;0;0;0;0;0;0;0;0;0;0;0;0;0;0;0;0;0;0;0;0;0;0;0;0;0;0;0;0;0;0;0;0;0;0;0;0;0;4029;0
"70";"GBP23041302M_ITS_P48";23;4;13;"02M";"#22A884FF";"#FCA50AFF";"sample";"P48";7825;FALSE;0;0;0;0;0;0;0;0;0;0;0;0;0;0;0;0;0;0;0;0;0;0;0;0;0;0;0;0;0;0;0;0;0;0;0;0;0;0;0;0;0;0;0;0;0;0;0;37;0;0;0;0;0;0;0;0;0;0;0;0;0;0;0;34;0;0;0;0;0;0;0;0;0;0;0;0;0;0;0;0;45;0;0;0;0;0;0;0;0;0;0;0;0;0;0;0;0;0;0;0;0;0;0;0;0;0;0;0;0;0;0;0;0;0;2;0;0;0;0;13;0;0;0;0;0;0;0;0;0;7441;0
"71";"GBP23041401M_ITS_P96";23;4;14;"01M";"#22A884FF";"#FAC62DFF";"sample";"P96";143852;FALSE;0;0;0;0;0;0;0;0;0;0;0;0;0;97;0;0;0;0;0;0;0;0;0;0;87;0;0;0;0;263;0;0;0;0;0;0;0;0;0;0;0;0;0;0;0;0;0;24;0;0;0;0;8;0;0;0;2;18;0;0;14;0;0;0;0;0;0;0;0;0;0;0;0;0;0;0;683;0;0;0;104797;0;0;0;0;0;8;0;0;0;0;2;0;0;0;0;0;0;0;13;0;0;15;0;0;0;0;0;0;87;0;0;0;0;0;0;0;0;0;0;0;0;0;277;0;0;21;0;0;21502;0
"72";"GBP23041402M_ITS_P96";23;4;14;"02M";"#22A884FF";"#FAC62DFF";"sample";"P96";8515;FALSE;0;0;0;0;0;0;0;0;0;0;0;0;0;4;0;4;0;0;0;0;0;0;0;0;341;0;0;0;0;0;0;3;0;0;0;0;0;0;0;0;0;58;0;0;0;0;0;0;0;0;0;0;0;0;0;0;0;0;0;0;0;0;0;12;0;6;0;0;0;0;0;0;0;0;0;14;0;0;0;0;7800;0;15;0;0;0;0;0;0;15;0;0;0;0;0;0;0;0;0;0;0;0;0;0;0;0;0;0;0;3;0;0;0;0;0;0;0;0;0;0;0;0;0;64;0;0;0;0;0;10;0
"73";"GBP23041403M_ITS_P96";23;4;14;"03M";"#22A884FF";"#FAC62DFF";"sample";"P96";32564;FALSE;0;0;0;0;0;0;0;0;0;0;0;0;0;16;0;0;0;0;0;0;0;0;0;0;0;0;0;0;0;0;0;0;0;0;0;0;0;0;0;0;3;0;0;0;0;0;0;0;0;0;0;0;0;0;0;0;0;0;0;0;0;0;0;0;0;0;0;0;0;0;0;0;0;0;0;0;0;0;0;0;24998;0;0;0;0;0;0;0;0;0;0;0;0;0;0;0;0;0;0;0;0;0;5;0;0;0;0;0;0;0;0;0;0;0;0;0;0;0;0;0;0;0;0;0;0;0;0;0;0;5685;0
"74";"GBP23041404M_ITS_P96";23;4;14;"04M";"#22A884FF";"#FAC62DFF";"sample";"P96";43268;FALSE;0;0;0;0;0;0;0;0;0;0;0;0;0;0;0;0;0;39;0;0;0;0;0;0;74;0;0;0;0;0;0;0;0;0;0;0;0;0;0;0;136;1297;0;0;0;0;0;184;0;0;0;0;0;0;0;0;0;0;0;0;0;0;0;0;0;0;0;0;0;0;0;0;0;0;0;0;3182;0;0;0;2300;0;0;0;0;0;19;176;0;0;0;0;0;0;0;0;0;0;0;0;0;0;0;0;0;0;37;0;0;0;0;0;51;0;0;0;0;0;0;0;31;0;0;32680;0;0;0;0;55;287;0
"75";"GBP23041405M_ITS_P96";23;4;14;"05M";"#22A884FF";"#FAC62DFF";"sample";"P96";1457;FALSE;0;0;0;0;0;0;0;0;0;0;0;0;0;0;0;0;0;0;0;0;0;0;0;0;0;0;0;0;0;0;0;0;0;0;0;0;0;0;0;0;2;0;0;0;0;0;0;0;0;0;0;0;0;0;0;0;0;0;0;0;0;0;0;0;0;0;0;0;0;0;0;0;0;0;0;0;0;0;0;0;5;0;0;0;0;0;0;0;0;0;0;0;0;0;0;0;0;0;0;0;0;0;0;0;0;0;0;0;0;0;0;0;0;0;0;0;0;0;0;0;0;0;0;0;0;0;0;0;0;1444;0
"76";"GBP23041406M_ITS_P96";23;4;14;"06M";"#22A884FF";"#FAC62DFF";"sample";"P96";61224;FALSE;0;0;0;0;0;0;0;0;0;0;0;0;0;0;0;0;0;8;0;0;0;0;0;0;305;0;0;0;0;0;0;3;0;0;0;0;0;0;0;0;0;0;18;0;0;0;0;0;0;0;0;0;0;0;0;0;0;0;0;5;0;0;0;0;0;0;0;0;0;0;0;0;0;0;0;37;328;0;0;0;27850;0;0;0;0;0;0;0;0;15;0;0;0;0;0;0;0;0;0;0;0;0;71;0;0;0;0;0;0;35;0;0;0;0;0;0;0;75;0;0;0;0;0;1113;0;0;0;0;9;25756;0
"77";"GBP23050301M_ITS_P96";23;5;3;"01M";"#7AD151FF";"#240C4FFF";"sample";"P96";7202;FALSE;0;0;0;0;0;0;0;0;0;0;0;0;0;0;0;0;0;0;0;0;0;0;0;0;0;0;0;0;0;0;0;0;0;0;0;0;0;0;0;0;0;0;0;0;0;0;0;0;0;0;0;0;0;0;0;0;0;0;0;0;0;0;0;0;0;0;0;0;0;0;0;0;0;0;0;0;0;0;0;0;4332;0;0;0;0;0;0;0;0;1857;0;0;0;0;0;0;0;0;0;0;0;0;0;0;0;0;0;5;0;0;0;0;0;0;0;0;0;0;0;0;0;0;0;237;0;0;0;0;0;225;0
"78";"GBP23050401M_ITS_P48";23;5;4;"01M";"#7AD151FF";"#420A68FF";"sample";"P48";51830;FALSE;0;0;0;0;0;0;0;0;0;0;0;0;0;0;0;0;0;0;0;0;0;0;0;0;0;0;0;0;0;0;0;0;0;0;0;0;0;0;0;0;0;194;0;0;0;0;0;0;0;0;0;0;0;0;0;0;0;0;0;8;0;0;0;0;0;0;0;0;0;0;0;0;0;0;0;0;17;0;0;0;11455;0;0;0;0;0;0;0;0;0;0;0;0;0;0;0;0;0;0;0;0;0;0;0;0;0;0;1595;0;0;0;0;0;0;0;0;0;0;0;20;0;0;0;2;0;0;0;0;0;34845;0
"79";"GBP23050402M_ITS_P48";23;5;4;"02M";"#7AD151FF";"#420A68FF";"sample";"P48";1476;FALSE;0;0;0;0;0;0;0;0;0;0;0;0;0;0;0;0;0;73;0;0;0;0;0;0;0;0;0;0;0;0;0;0;0;0;0;0;0;0;0;0;6;34;4;0;0;0;0;0;0;0;0;0;0;0;0;0;0;0;0;0;0;0;0;0;0;12;0;0;0;0;0;0;0;0;0;0;0;0;0;0;122;0;0;0;0;0;0;0;0;6;0;0;0;0;6;0;0;0;0;0;0;0;6;0;0;0;0;261;0;0;0;0;0;0;0;0;0;0;462;397;0;0;0;19;0;0;0;0;0;68;0
"80";"GBP23050403M_ITS_P48";23;5;4;"03M";"#7AD151FF";"#420A68FF";"sample";"P48";0;FALSE;0;0;0;0;0;0;0;0;0;0;0;0;0;0;0;0;0;0;0;0;0;0;0;0;0;0;0;0;0;0;0;0;0;0;0;0;0;0;0;0;0;0;0;0;0;0;0;0;0;0;0;0;0;0;0;0;0;0;0;0;0;0;0;0;0;0;0;0;0;0;0;0;0;0;0;0;0;0;0;0;0;0;0;0;0;0;0;0;0;0;0;0;0;0;0;0;0;0;0;0;0;0;0;0;0;0;0;0;0;0;0;0;0;0;0;0;0;0;0;0;0;0;0;0;0;0;0;0;0;0;0
"81";"GBP23050501M_ITS_P96";23;5;5;"01M";"#7AD151FF";"#5D126EFF";"sample";"P96";529;FALSE;0;0;0;0;0;0;0;0;0;0;0;0;0;0;0;0;0;0;0;0;0;0;0;0;0;0;76;0;0;0;0;0;0;0;0;0;0;0;27;0;0;0;31;0;0;0;0;0;0;0;0;0;0;0;0;0;7;0;0;0;0;0;0;0;0;0;0;0;0;0;0;0;0;0;0;0;0;0;0;0;51;0;0;0;0;0;0;0;0;0;0;0;0;0;0;0;0;0;0;0;0;0;0;0;0;0;0;292;0;0;0;0;0;0;0;0;0;0;0;0;0;0;0;18;0;0;0;0;0;18;0
"82";"GBP23050502M_ITS_P48";23;5;5;"02M";"#7AD151FF";"#5D126EFF";"sample";"P48";1930;FALSE;0;0;0;0;0;0;0;0;0;0;0;0;0;0;0;0;0;0;0;0;0;0;0;0;0;0;0;0;0;0;0;0;0;0;0;0;0;0;0;0;0;0;4;0;0;0;0;0;0;0;0;0;0;0;0;0;1166;0;0;0;0;0;0;0;0;0;0;0;0;0;0;0;0;0;0;0;0;0;0;0;0;0;0;0;0;0;0;0;0;0;0;0;0;0;0;0;0;0;0;0;0;0;0;0;0;0;0;4;0;0;0;0;0;0;0;0;0;0;0;0;0;0;0;0;0;0;0;0;0;0;0
"83";"GBP23050701M_ITS_P48";23;5;7;"01M";"#7AD151FF";"#932667FF";"sample";"P48";15326;FALSE;0;0;0;0;0;0;0;0;0;0;0;0;0;0;0;0;0;0;0;0;0;0;0;0;0;0;0;0;0;0;44;0;0;0;0;0;0;0;8;0;3;0;0;0;0;0;0;0;0;0;0;0;0;0;0;0;0;0;0;0;0;0;0;0;0;298;0;0;0;0;0;0;0;0;0;0;27;0;0;0;22;0;0;0;0;0;20;0;0;0;0;3;0;0;0;0;0;16;0;0;0;0;11336;0;0;0;0;0;0;0;0;0;0;0;0;0;0;0;77;0;0;0;0;3179;0;0;0;0;0;97;0
"84";"GBP23050702M_ITS_P96";23;5;7;"02M";"#7AD151FF";"#932667FF";"sample";"P96";66996;FALSE;0;0;0;0;0;0;0;0;0;0;9;0;0;0;0;0;0;0;0;0;0;0;0;0;0;0;0;0;0;6;0;0;0;0;0;0;0;0;46215;0;331;0;151;0;0;0;0;5;0;0;0;0;0;0;0;0;37;0;0;0;18;0;0;0;0;622;0;0;0;0;0;0;0;0;0;0;110;0;0;0;8559;0;0;0;142;0;26;0;0;0;0;0;0;0;0;0;0;0;0;0;0;0;11;0;0;0;9;1609;0;0;15;0;0;0;0;0;0;24;159;0;0;0;0;5999;0;789;0;0;78;467;126
"85";"GBP23051501M_ITS_P96";23;5;15;"01M";"#7AD151FF";"#F2E661FF";"sample";"P96";937;FALSE;0;0;0;0;0;0;0;0;0;0;0;0;0;0;0;0;0;0;0;0;0;0;0;0;0;0;0;0;0;54;0;0;0;0;0;0;0;0;0;0;0;321;0;0;0;0;0;0;0;0;0;0;0;0;0;0;0;0;0;0;0;0;0;0;0;0;0;0;0;0;0;0;0;0;0;0;0;0;0;0;9;0;0;0;0;0;0;0;0;0;0;0;0;0;0;0;0;0;0;0;0;0;0;0;0;0;0;0;0;0;0;0;0;0;0;0;0;0;0;0;0;0;0;0;0;33;0;0;0;0;0
"86";"GBP23051601M_ITS_P96";23;5;16;"01M";"#7AD151FF";"#FCFFA4FF";"sample";"P96";3181;FALSE;0;0;0;0;0;0;0;0;0;0;0;0;0;0;0;0;0;0;0;0;0;0;0;0;0;0;0;0;0;0;0;0;0;0;0;0;0;0;23;0;0;0;0;0;0;0;0;0;0;4;8;0;0;3;0;0;2;0;0;0;0;0;0;0;0;0;0;0;0;0;0;0;0;39;0;0;0;0;0;0;1387;0;0;0;0;0;8;0;0;0;0;0;0;0;0;0;0;0;0;10;0;0;5;0;0;0;0;3;0;0;0;0;0;0;0;0;0;20;81;2;0;0;0;114;0;0;0;0;0;985;0
"87";"GBP23051602M_ITS_P96";23;5;16;"02M";"#7AD151FF";"#FCFFA4FF";"sample";"P96";6786;FALSE;0;68;0;0;0;0;0;0;0;0;0;0;0;0;0;0;0;7;0;0;0;0;0;0;0;0;0;0;0;0;0;0;0;0;0;0;0;0;0;0;0;0;0;0;0;0;0;0;0;0;0;0;0;0;0;0;0;0;0;0;0;0;0;0;0;0;0;0;0;0;0;0;0;0;0;0;38;0;0;0;1362;0;0;0;0;0;0;51;0;0;0;0;0;0;0;0;0;0;0;0;0;0;0;0;0;0;38;6;0;0;0;0;0;0;0;0;0;0;5;0;0;0;0;4878;0;0;0;0;58;20;0
"88";"GBP23051603M_ITS_P96";23;5;16;"03M";"#7AD151FF";"#FCFFA4FF";"sample";"P96";324;FALSE;0;0;0;0;0;0;0;0;0;0;0;0;0;0;0;0;0;0;0;0;0;0;0;0;0;0;0;0;0;0;0;0;0;0;0;0;0;0;0;0;0;0;0;0;0;0;0;0;0;0;0;0;0;0;0;0;0;0;0;0;0;0;0;0;0;0;0;0;0;0;0;0;0;0;0;0;0;0;0;0;266;0;0;0;0;0;0;0;0;0;0;0;0;0;0;0;0;0;0;0;0;0;0;0;0;0;0;0;0;0;0;0;0;0;0;0;0;0;4;0;0;0;0;36;0;0;0;0;0;17;0
"89";"GBP23060101M_ITS_P96";23;6;1;"01M";"#FDE725FF";"#000004FF";"sample";"P96";955;FALSE;0;0;0;0;0;0;0;0;0;0;0;0;0;0;0;0;0;9;0;0;0;0;0;0;0;0;0;0;0;0;0;0;0;0;0;0;0;0;2;0;0;48;0;0;0;0;0;0;0;0;0;0;0;0;0;0;0;0;0;0;0;0;0;0;0;0;0;0;0;0;0;0;0;0;0;0;12;0;0;0;56;0;0;0;0;0;0;0;0;0;0;0;0;0;0;0;0;0;0;0;0;0;0;0;0;0;0;0;0;0;0;0;0;0;0;0;0;0;0;0;0;0;0;60;0;0;0;0;0;763;0
"90";"GBP23060102M_ITS_P96";23;6;1;"02M";"#FDE725FF";"#000004FF";"sample";"P96";17865;FALSE;0;0;8;0;0;0;0;0;0;0;0;0;0;7;0;0;0;75;0;0;0;0;0;0;284;0;0;0;0;0;0;0;0;0;0;0;0;0;0;0;9;6483;0;0;0;0;0;0;0;8;0;0;0;0;0;0;0;0;0;0;0;0;0;0;0;426;0;0;0;0;0;10;0;0;0;0;902;0;0;0;5778;0;0;0;0;0;0;0;0;84;0;2;0;0;0;0;0;0;0;0;0;0;29;0;84;0;0;0;0;0;0;0;0;0;0;0;0;0;0;0;0;0;0;1838;0;10;0;0;0;314;0
"91";"GBP23060103M_ITS_P48";23;6;1;"03M";"#FDE725FF";"#000004FF";"sample";"P48";568;FALSE;0;0;0;0;0;0;0;0;5;0;0;0;0;0;0;0;0;0;0;0;0;0;0;0;0;0;0;0;0;84;0;0;0;0;0;0;0;0;0;0;0;135;0;0;0;0;0;0;0;0;0;0;0;0;0;0;0;0;0;0;31;0;0;0;0;0;0;0;0;0;0;0;0;0;0;0;21;0;0;0;20;0;0;0;0;0;0;0;0;0;0;0;0;0;0;0;0;0;0;0;0;0;0;0;0;0;0;0;0;0;0;0;0;0;0;0;0;0;0;0;0;0;0;110;0;0;0;0;0;0;0
"92";"GBP23060104M_ITS_P48";23;6;1;"04M";"#FDE725FF";"#000004FF";"sample";"P48";37293;FALSE;0;0;0;0;0;0;0;0;0;8;0;0;0;0;0;0;0;0;0;0;22;0;0;0;0;0;0;0;0;0;0;0;15;0;0;4;0;0;0;0;0;2184;0;0;0;0;0;0;0;0;0;0;0;0;0;0;0;0;0;0;22;0;0;0;0;203;0;0;0;0;0;0;0;0;0;0;21463;0;0;0;3636;0;0;0;0;0;5;0;0;312;0;0;0;0;0;0;0;0;0;0;0;0;70;0;0;0;69;20;0;0;225;0;0;0;0;4;0;0;0;175;0;0;0;1793;0;100;0;0;0;1290;0
"93";"GBP23060105M_ITS_P48";23;6;1;"05M";"#FDE725FF";"#000004FF";"sample";"P48";12319;FALSE;0;0;0;0;0;0;0;0;0;0;0;0;0;0;0;0;0;63;0;0;0;0;0;0;0;0;0;0;0;0;0;0;0;0;0;64;0;0;0;0;0;0;0;0;0;0;0;0;0;0;0;0;0;0;0;0;0;0;0;0;0;0;0;4;0;0;0;0;0;0;0;24;0;115;128;0;9;0;0;0;528;0;0;0;0;0;0;0;0;427;0;0;0;0;0;0;0;0;0;0;0;0;0;0;0;0;0;0;0;0;0;0;0;0;0;0;0;0;0;0;0;0;0;10407;0;0;0;0;33;292;0
"94";"GBP23060201M_ITS_P48";23;6;2;"01M";"#FDE725FF";"#0C0826FF";"sample";"P48";53843;FALSE;0;0;0;0;0;0;0;0;0;0;0;0;0;0;0;0;0;7;0;0;0;0;0;0;0;0;0;2439;0;17;0;0;0;0;0;35;0;0;19;0;3280;4;4;0;0;0;0;0;0;0;0;0;0;0;0;0;208;0;0;0;0;0;0;0;0;0;0;0;0;0;0;985;0;66;0;0;12085;0;0;0;875;0;0;0;0;0;0;359;0;0;0;0;0;0;0;0;0;0;0;0;0;0;0;0;0;0;0;1495;0;0;0;0;0;0;0;0;0;0;167;126;0;0;0;547;0;0;0;0;127;27468;0
"95";"GBP23060202M_ITS_P48";23;6;2;"02M";"#FDE725FF";"#0C0826FF";"sample";"P48";826;FALSE;0;0;0;0;0;0;0;0;0;0;0;0;0;0;0;0;0;0;0;0;0;0;0;0;0;0;0;0;0;0;0;0;0;0;0;0;0;0;0;0;0;0;0;0;0;0;0;0;0;0;0;0;0;0;0;0;0;0;0;0;0;0;0;0;0;0;0;0;0;0;0;0;0;0;0;0;8;0;0;0;720;0;0;0;0;0;0;0;0;0;0;0;0;0;0;0;0;0;0;0;0;0;0;0;0;0;0;0;0;0;0;0;0;0;0;0;0;0;0;0;0;0;0;66;0;0;0;0;0;11;0
"96";"GBP23060203M_ITS_P96";23;6;2;"03M";"#FDE725FF";"#0C0826FF";"sample";"P96";71235;FALSE;0;0;0;0;0;0;0;0;0;0;0;109;0;0;0;0;0;8;0;0;0;0;0;0;0;0;0;0;0;1372;0;0;0;0;0;0;0;0;80;0;0;0;0;0;0;0;0;0;0;0;0;0;0;0;0;0;21;0;0;0;0;0;0;0;0;589;0;0;0;0;0;0;0;2589;0;0;264;0;0;27;3664;0;0;0;343;0;27130;0;26;0;0;0;0;0;0;0;0;0;0;0;0;0;116;0;0;0;36;91;0;0;0;0;0;0;0;0;0;0;335;0;0;0;0;66;0;831;0;533;81;357;13047
"97";"GBP23060204M_ITS_P48";23;6;2;"04M";"#FDE725FF";"#0C0826FF";"sample";"P48";10384;FALSE;0;0;0;0;0;0;0;0;0;0;0;0;0;0;0;0;0;0;0;0;0;0;0;0;0;0;0;21;0;0;0;0;0;0;0;0;0;0;0;0;0;0;0;0;0;0;0;0;0;0;0;0;0;0;0;0;6;0;0;0;20;0;0;0;0;0;0;0;0;0;0;0;0;1096;0;0;0;0;0;0;11;0;0;0;0;0;0;0;0;10;0;0;0;0;0;0;0;0;0;0;0;0;0;0;0;0;11;0;0;0;0;0;0;0;0;0;0;11;0;0;0;0;0;0;0;0;0;0;0;7203;0
"98";"GBP23060205M_ITS_P48";23;6;2;"05M";"#FDE725FF";"#0C0826FF";"sample";"P48";23607;FALSE;0;67;0;0;34;0;0;0;0;0;0;0;0;0;0;0;0;0;0;0;0;0;0;0;0;0;0;0;0;0;0;0;0;0;0;0;0;0;4;0;0;5;186;0;0;0;0;0;0;0;0;0;0;0;0;0;1158;0;0;0;0;0;0;0;0;0;0;0;0;0;0;0;0;118;0;0;0;0;0;0;105;0;0;0;0;0;0;0;0;0;0;107;0;0;0;0;0;156;0;0;0;0;0;0;0;0;385;456;0;0;0;0;0;0;0;0;0;0;0;8;0;0;0;16777;0;505;0;42;216;908;0
"99";"GBP23060301M_ITS_P48";23;6;3;"01M";"#FDE725FF";"#240C4FFF";"sample";"P48";191964;FALSE;0;78;0;0;0;0;0;0;0;0;0;0;0;0;0;0;0;0;0;183;0;0;0;0;0;0;0;0;0;12;0;0;0;0;0;0;0;0;2632;0;6;0;672;0;0;0;0;0;0;0;0;0;0;0;0;0;7;0;0;0;8;0;0;0;0;0;0;0;0;0;0;0;0;410;0;0;0;0;0;0;102031;0;0;0;0;0;1131;0;0;0;0;0;0;0;0;0;0;0;0;0;0;0;0;0;0;0;0;3670;0;0;0;0;0;0;0;0;0;0;0;149;0;0;0;31435;0;0;0;0;317;2643;85
"100";"GBP23060302M_ITS_P48";23;6;3;"02M";"#FDE725FF";"#240C4FFF";"sample";"P48";93785;FALSE;0;45;0;0;0;0;0;0;0;54;0;0;0;0;0;0;0;0;0;0;0;0;0;0;0;0;0;0;0;3;0;0;0;0;0;0;0;0;71;0;0;115;4;0;0;0;0;0;0;0;0;0;0;0;0;0;12;0;0;0;0;0;0;0;0;0;0;0;0;0;0;6;0;337;0;0;3697;0;0;0;48462;0;0;0;0;0;562;0;0;1836;0;0;0;0;0;0;0;0;0;0;0;0;0;0;0;0;0;1107;0;0;0;0;0;0;0;0;0;0;0;10;0;0;0;2121;0;0;0;293;62;29705;41
"101";"GBP23060303M_ITS_P96";23;6;3;"03M";"#FDE725FF";"#240C4FFF";"sample";"P96";2554;FALSE;0;0;0;0;0;0;0;0;0;0;0;0;0;0;0;0;0;0;0;0;0;0;0;0;0;0;0;0;0;0;0;0;0;0;0;0;0;0;0;0;0;6;0;0;0;0;0;0;0;4;0;0;0;0;0;0;20;0;0;0;0;0;0;0;0;0;0;0;0;0;0;0;0;0;5;0;0;0;0;0;1080;0;0;0;0;0;0;0;0;0;0;0;0;0;0;0;0;0;0;0;0;0;0;0;0;0;0;739;0;0;0;0;0;0;0;0;0;0;0;0;0;0;0;466;0;0;0;0;28;0;0
"102";"GBP23060304M_ITS_P96";23;6;3;"04M";"#FDE725FF";"#240C4FFF";"sample";"P96";1486;FALSE;0;0;0;0;0;0;0;0;0;0;0;0;0;17;0;0;0;0;0;0;0;0;0;0;0;0;0;0;0;0;0;0;0;0;0;0;0;0;5;0;73;0;0;0;0;0;0;0;0;0;0;0;0;0;0;0;41;0;0;0;0;0;0;0;0;0;0;0;0;0;0;0;0;0;0;0;19;0;0;0;624;0;0;0;0;0;0;0;0;21;0;0;0;0;0;0;0;0;0;0;0;0;0;0;0;0;0;125;0;0;0;0;0;0;0;0;25;0;0;0;0;0;0;72;0;20;0;0;0;288;0
"103";"GBP23060305M_ITS_P48";23;6;3;"05M";"#FDE725FF";"#240C4FFF";"sample";"P48";35867;FALSE;0;273;0;0;0;0;0;0;0;0;0;0;0;0;0;0;0;0;0;0;0;0;0;0;0;0;518;0;0;15;0;0;0;52;0;0;0;0;7841;0;0;0;4894;0;0;0;0;0;0;0;0;0;0;0;0;0;0;0;0;0;0;0;15;0;0;0;0;0;0;0;0;0;0;0;31;0;0;0;0;0;6467;0;0;0;0;0;0;32;0;599;0;0;0;0;0;0;0;10;0;0;0;0;30;0;0;0;10;11364;0;0;0;0;0;0;0;0;0;0;0;15;0;0;0;336;0;0;0;0;738;27;0
"104";"GBP23060401M_ITS_P96";23;6;4;"01M";"#FDE725FF";"#420A68FF";"sample";"P96";636;FALSE;0;0;0;0;0;0;0;0;0;0;0;0;0;0;0;0;0;0;0;0;0;0;0;0;0;0;0;0;0;0;0;0;0;0;0;2;0;0;0;0;0;0;0;0;0;0;0;0;0;0;0;0;0;0;0;0;0;0;0;0;0;0;0;0;0;0;0;0;0;0;0;0;0;0;0;0;0;0;0;0;0;0;0;0;0;0;0;0;0;0;0;0;0;0;0;0;0;0;0;0;0;0;0;0;79;0;0;21;0;0;0;0;0;0;0;0;0;0;0;0;0;0;0;12;0;0;0;0;0;139;0
"105";"GBP23060402M_ITS_P96";23;6;4;"02M";"#FDE725FF";"#420A68FF";"sample";"P96";4491;FALSE;0;20;0;0;0;0;0;0;0;0;0;0;0;0;0;0;0;0;0;0;0;0;0;0;0;0;0;0;0;9;0;0;0;0;0;0;0;0;0;0;0;0;89;0;0;0;0;0;0;0;0;0;0;0;0;0;24;0;0;0;0;0;0;0;0;211;0;0;0;0;0;0;0;0;60;0;89;0;0;0;2188;0;0;0;0;0;0;48;0;0;0;0;0;0;0;0;0;0;0;0;0;0;0;0;0;0;54;734;0;0;0;0;0;0;0;0;0;0;0;0;0;0;0;0;0;0;0;0;126;277;0
"106";"GBP23060403M_ITS_P48";23;6;4;"03M";"#FDE725FF";"#420A68FF";"sample";"P48";5110;FALSE;0;0;0;0;0;0;0;0;0;0;0;0;0;0;0;0;0;0;0;0;83;0;0;0;0;0;0;0;0;16;0;0;0;37;0;0;0;0;0;0;1442;70;14;0;0;0;0;0;0;0;0;0;0;0;0;0;6;0;0;0;0;0;33;0;0;0;0;0;0;0;0;0;0;0;0;0;115;0;0;0;278;0;0;0;0;0;6;30;0;0;0;0;0;0;3;0;0;0;0;0;0;0;0;0;0;0;0;1933;0;0;0;0;0;0;0;0;0;0;0;484;0;0;0;22;0;0;0;0;0;342;0
"107";"GBP23060404M_ITS_P96";23;6;4;"04M";"#FDE725FF";"#420A68FF";"sample";"P96";27959;FALSE;0;143;0;0;0;0;0;0;0;0;0;0;0;0;0;0;0;0;0;0;0;0;0;0;0;0;0;0;0;0;0;0;0;0;0;0;0;0;0;0;0;6767;0;0;0;0;0;0;0;0;0;0;0;0;0;0;0;0;0;0;0;0;0;0;0;359;26;0;0;0;0;0;0;0;0;0;0;0;0;0;453;0;0;0;0;0;0;0;0;0;0;0;0;0;0;0;0;0;0;0;0;0;0;0;0;0;0;15762;0;0;0;0;0;0;0;12;0;0;58;35;0;0;0;5;0;0;0;0;442;442;0
"108";"GBP23060501M_ITS_P48";23;6;5;"01M";"#FDE725FF";"#5D126EFF";"sample";"P48";134187;FALSE;0;0;0;0;0;0;0;0;0;0;0;0;0;0;0;0;0;0;0;0;0;0;0;0;60;0;0;0;0;16;0;0;0;0;0;0;0;0;20394;0;3692;0;31889;0;0;0;0;0;0;0;0;0;0;95;0;0;5507;0;0;0;0;0;0;0;0;0;0;0;0;0;0;9;0;0;43;0;4587;0;0;0;21242;0;0;0;0;26;0;0;0;72;0;4;0;0;0;0;0;0;0;0;0;0;0;0;31;0;0;8164;0;0;0;0;0;0;0;0;0;0;98;26;0;0;0;54;0;9050;0;0;0;2566;0
"109";"GBP23060701M_ITS_P96";23;6;7;"01M";"#FDE725FF";"#932667FF";"sample";"P96";19983;FALSE;0;0;0;0;0;0;0;0;0;0;0;0;0;0;0;0;0;12;0;0;0;0;0;0;0;0;0;0;0;80;0;0;0;0;0;0;0;0;9349;0;0;12;871;0;0;0;0;0;0;0;0;0;0;0;0;0;0;0;0;0;45;0;0;0;0;0;0;0;0;0;0;0;0;0;0;0;0;0;0;0;9;0;14;0;4;0;0;0;0;0;0;0;0;0;0;0;0;0;0;0;0;0;0;0;0;0;27;161;0;0;0;0;0;0;0;0;0;0;0;0;0;0;0;8664;0;0;0;0;0;0;28
"110";"GBP23060801M_ITS_P96";23;6;8;"01M";"#FDE725FF";"#AE305CFF";"sample";"P96";2248;FALSE;0;0;0;0;0;0;0;0;0;0;0;0;0;0;0;0;0;0;0;0;0;0;0;0;0;0;0;0;0;0;0;0;0;0;0;0;0;0;36;0;0;0;0;0;0;0;0;0;0;0;0;0;0;69;0;0;3;0;0;0;0;0;0;0;0;0;0;0;0;0;0;0;0;70;0;0;0;0;0;0;16;0;0;0;0;0;0;0;0;0;0;0;0;0;0;0;0;0;0;598;0;0;0;0;0;0;0;2;0;0;0;0;0;0;0;0;0;27;15;0;0;0;0;0;0;75;0;0;0;1138;0
"111";"GBP23060901M_ITS_P48";23;6;9;"01M";"#FDE725FF";"#C73E4CFF";"sample";"P48";193;FALSE;0;0;0;0;0;0;0;0;0;0;0;0;0;0;0;0;0;0;0;0;0;0;0;0;0;0;0;0;0;0;0;0;0;0;0;0;0;0;0;0;0;0;0;0;0;0;0;0;0;0;0;0;0;0;0;0;0;0;0;0;0;0;0;0;0;0;0;0;26;0;0;0;0;0;0;0;0;0;0;0;0;0;0;0;0;0;23;0;0;0;0;0;0;0;16;0;0;0;0;0;0;0;0;0;16;0;0;4;0;0;0;0;0;0;0;0;0;0;8;0;0;0;0;0;0;0;0;0;0;0;0
"112";"GBP23061001M_ITS_P48";23;6;10;"01M";"#FDE725FF";"#DD513AFF";"sample";"P48";38145;FALSE;74;1396;0;0;0;0;7;0;91;0;0;0;0;0;0;0;10;7;0;0;66;0;0;0;0;0;0;0;0;563;12;0;0;416;28;0;46;13;0;164;114;16;451;0;0;0;0;0;0;11;0;143;0;0;0;0;0;0;0;0;0;0;27;0;160;0;27;0;0;0;21;29;0;0;9;201;200;65;0;11;18370;0;0;0;0;0;20;628;0;12;0;23;19;0;0;0;0;0;0;0;0;0;0;47;0;0;631;0;0;0;0;0;0;0;0;0;18;0;0;0;0;0;7;4427;19;32;0;0;249;686;0
"113";"GBP23061002M_ITS_P96";23;6;10;"02M";"#FDE725FF";"#DD513AFF";"sample";"P96";6390;FALSE;0;6;0;0;0;0;0;0;0;0;0;0;0;0;0;0;0;4;0;0;0;0;0;0;0;0;0;0;0;1743;0;0;0;0;0;0;0;0;160;0;70;0;33;0;0;0;0;0;0;0;0;0;0;0;0;0;0;0;0;0;0;0;0;0;0;0;0;0;0;0;0;0;0;16;58;0;0;0;0;0;348;0;0;0;0;0;0;0;0;0;0;0;0;0;0;0;0;0;0;0;0;0;0;0;0;0;0;0;0;0;0;0;0;0;0;0;0;0;0;8;0;0;0;0;0;0;0;0;19;22;0
"114";"GBP23061003M_ITS_P96";23;6;10;"03M";"#FDE725FF";"#DD513AFF";"sample";"P96";160;FALSE;0;0;0;0;0;0;0;0;0;0;0;0;0;0;0;0;0;0;0;0;0;0;0;0;0;0;0;0;0;0;0;0;0;0;0;0;0;0;0;0;0;0;0;0;0;0;0;0;0;0;0;0;0;0;0;0;0;0;0;0;0;0;0;0;0;0;0;0;0;0;0;0;0;0;0;0;0;0;0;0;15;0;0;0;0;0;3;0;0;0;0;0;0;0;0;0;0;0;0;0;0;0;0;0;0;0;0;0;0;0;0;0;0;0;0;0;0;0;0;0;0;0;0;48;0;13;0;0;0;81;0
"115";"GBP23061004M_ITS_P96";23;6;10;"04M";"#FDE725FF";"#DD513AFF";"sample";"P96";52819;FALSE;0;0;0;0;0;0;0;0;0;0;0;9;0;0;0;0;0;0;0;0;0;0;0;0;0;0;0;0;0;45961;0;0;0;0;0;0;0;0;19;0;0;0;3;0;0;4;0;6;0;0;0;0;0;0;0;0;18;0;0;0;12;0;0;0;0;7;0;0;0;0;0;0;0;0;0;0;5;0;0;0;241;11;0;0;0;0;32;39;0;6;0;0;0;0;0;0;0;0;0;0;0;0;0;0;0;0;0;0;0;28;0;0;0;8;0;0;0;4;0;0;0;0;0;61;0;12;0;0;0;1122;0
"116";"GBP23061005M_ITS_P96";23;6;10;"05M";"#FDE725FF";"#DD513AFF";"sample";"P96";2532;FALSE;0;31;0;0;0;0;0;0;0;0;0;0;0;0;0;0;0;0;0;0;0;0;0;0;0;0;0;0;0;997;0;0;0;0;0;0;6;0;200;0;0;0;549;0;0;0;65;0;0;0;0;0;0;0;0;0;6;0;0;0;0;0;0;0;0;0;0;0;0;0;0;0;0;0;0;0;3;0;0;0;127;0;0;0;0;0;0;0;0;0;0;0;0;0;0;0;0;0;0;4;0;0;10;0;0;0;44;0;0;0;0;0;0;0;0;0;0;0;0;0;0;0;0;22;0;0;0;0;73;33;10
"117";"GBP23061201M_ITS_P48";23;6;12;"01M";"#FDE725FF";"#F8850FFF";"sample";"P48";188186;FALSE;0;258;0;0;0;0;0;0;0;0;0;0;0;0;0;0;0;0;0;0;0;0;0;0;121;0;0;0;0;152033;0;0;0;0;0;0;0;82;17;0;12;0;6;0;0;0;0;0;0;0;0;110;0;0;0;0;35;0;0;0;32;0;0;0;96;0;0;0;0;0;0;0;0;0;0;0;1752;0;0;0;6443;0;0;0;0;0;0;157;0;139;0;147;0;0;0;0;0;0;0;0;0;0;0;0;0;0;179;23;0;0;0;0;0;82;0;0;0;0;0;6;0;0;91;7959;0;0;0;0;37;1679;5
"118";"GBP23061202M_ITS_P96";23;6;12;"02M";"#FDE725FF";"#F8850FFF";"sample";"P96";32870;FALSE;0;0;0;0;0;0;0;0;0;0;0;0;0;0;0;0;0;0;0;0;0;0;0;0;0;0;0;0;0;11495;0;0;0;0;0;0;0;0;63;0;0;0;7;0;0;0;0;0;0;0;0;0;0;0;0;0;628;0;0;0;0;0;0;0;0;0;0;0;128;0;0;0;54;314;0;0;2068;0;0;224;7036;0;0;0;0;0;63;0;0;1065;0;14;0;0;0;0;0;0;0;95;0;507;89;0;0;0;3;331;0;0;7;0;0;0;0;0;0;0;1867;791;0;0;0;50;0;1568;0;68;105;18;87
"119";"GBP23061301M_ITS_P96";23;6;13;"01M";"#FDE725FF";"#FCA50AFF";"sample";"P96";7645;FALSE;0;21;0;0;0;0;0;0;0;0;0;0;0;0;0;0;0;0;0;0;0;0;0;0;0;0;0;0;0;47;0;0;0;0;0;0;0;0;3753;0;4;0;80;0;0;0;0;0;0;0;0;0;0;0;0;0;0;0;0;0;0;0;0;0;0;0;0;0;0;0;0;0;0;0;0;0;29;0;0;0;162;0;0;0;0;0;0;0;0;0;0;0;0;0;0;0;0;0;0;0;0;0;0;0;0;0;0;0;0;0;0;0;0;0;0;0;0;0;0;0;0;0;0;3330;0;30;0;0;11;95;0
"120";"GBP23061303M_ITS_P48";23;6;13;"03M";"#FDE725FF";"#FCA50AFF";"sample";"P48";15490;FALSE;0;89;0;0;0;0;0;0;20;0;0;0;0;0;0;0;0;0;0;0;0;0;0;0;0;0;0;0;0;3661;20;0;0;0;0;0;0;0;295;0;0;0;0;0;0;0;13;0;0;0;0;0;0;0;0;0;81;0;0;0;62;0;0;0;0;0;0;0;0;0;0;0;0;34;0;0;0;0;0;0;147;0;0;0;0;0;0;0;0;0;0;22;0;0;0;0;0;0;0;0;0;0;28;0;0;0;0;47;0;0;0;0;0;0;0;0;0;0;0;0;0;0;0;515;13;0;228;0;3482;542;0
"121";"GBP23061304M_ITS_P96";23;6;13;"04M";"#FDE725FF";"#FCA50AFF";"sample";"P96";8857;FALSE;0;0;0;0;0;0;0;0;0;0;0;0;0;0;0;0;0;0;0;0;0;0;8;0;0;0;0;0;0;40;0;0;0;0;0;0;0;0;23;0;4;0;115;0;0;0;0;0;0;0;0;0;0;0;0;0;0;0;0;0;0;11;0;0;0;14;0;0;0;0;0;0;0;0;0;0;0;0;0;0;718;0;0;0;0;0;3;0;0;6;0;0;0;0;0;0;0;4;0;9;0;0;92;0;0;0;0;0;0;0;0;0;0;0;0;0;0;4;0;0;0;0;0;716;0;0;0;0;15;6945;0
"122";"GBP23061305M_ITS_P96";23;6;13;"05M";"#FDE725FF";"#FCA50AFF";"sample";"P96";30213;FALSE;0;0;0;0;0;0;0;0;0;0;0;0;0;0;0;0;0;0;0;0;5;0;0;0;0;0;0;0;0;496;0;0;0;0;0;0;0;0;263;0;0;0;3566;0;0;0;0;0;0;0;0;0;0;0;0;0;0;0;0;0;0;0;0;0;0;0;0;0;44;0;0;0;0;0;7;0;348;0;0;0;3547;0;0;0;0;0;0;0;0;63;0;0;0;0;0;0;0;0;0;0;0;0;0;0;0;0;0;0;0;0;0;0;0;0;0;0;0;0;0;0;0;0;0;3853;0;0;0;0;0;120;0
"123";"GBP23061401M_ITS_P96";23;6;14;"01M";"#FDE725FF";"#FAC62DFF";"sample";"P96";43382;FALSE;0;0;0;0;0;0;0;0;0;0;0;0;0;26;0;0;0;0;0;0;0;0;0;0;19;0;0;0;0;892;0;0;0;0;0;0;0;0;23;0;0;27;6673;0;0;0;0;0;0;0;0;0;0;0;0;0;0;0;0;0;0;0;12;0;0;0;0;0;0;0;0;0;0;0;0;0;270;0;0;0;28986;0;0;0;0;0;0;0;0;40;0;11;0;0;0;0;0;0;0;0;0;0;0;0;0;0;0;0;0;0;96;469;0;0;0;0;0;0;0;0;0;0;0;2387;0;1943;80;0;0;6;0
"124";"GBP23061402M_ITS_P96";23;6;14;"02M";"#FDE725FF";"#FAC62DFF";"sample";"P96";2315;FALSE;0;0;0;0;0;0;0;0;0;0;0;0;0;0;0;0;0;0;0;0;0;0;0;0;0;0;0;0;0;142;0;0;0;0;0;0;0;0;0;0;0;0;0;0;0;0;0;0;0;0;0;0;0;0;0;0;10;0;0;0;0;0;0;0;0;0;0;0;0;0;0;0;0;0;0;0;851;0;0;0;587;0;0;0;0;0;0;0;0;0;0;0;0;0;0;0;0;0;0;0;0;0;0;0;0;0;0;0;0;0;0;0;0;0;0;0;0;0;0;0;0;25;0;401;0;0;0;0;37;26;7
"125";"GBP23061404M_ITS_P96";23;6;14;"04M";"#FDE725FF";"#FAC62DFF";"sample";"P96";10726;FALSE;0;0;0;0;0;0;0;0;5;0;0;0;0;0;0;0;0;0;0;0;0;0;0;0;0;0;0;0;0;26;0;0;0;0;0;0;0;0;11;0;0;0;0;0;0;0;0;21;0;0;0;0;0;0;0;0;120;0;0;0;0;0;0;0;0;0;0;0;0;0;0;0;0;0;0;0;648;0;0;0;4238;0;0;0;0;0;0;0;0;0;0;7;0;0;0;0;0;0;0;0;0;0;2;0;0;0;0;0;0;0;646;0;0;0;0;0;0;0;0;0;0;0;0;494;0;833;64;0;0;3258;0
"126";"GBP23061405M_ITS_P48";23;6;14;"05M";"#FDE725FF";"#FAC62DFF";"sample";"P48";0;FALSE;0;0;0;0;0;0;0;0;0;0;0;0;0;0;0;0;0;0;0;0;0;0;0;0;0;0;0;0;0;0;0;0;0;0;0;0;0;0;0;0;0;0;0;0;0;0;0;0;0;0;0;0;0;0;0;0;0;0;0;0;0;0;0;0;0;0;0;0;0;0;0;0;0;0;0;0;0;0;0;0;0;0;0;0;0;0;0;0;0;0;0;0;0;0;0;0;0;0;0;0;0;0;0;0;0;0;0;0;0;0;0;0;0;0;0;0;0;0;0;0;0;0;0;0;0;0;0;0;0;0;0
