"","genus"
"1","Achillea"
"2","Aconitum"
"3","Aegilops"
"4","Agrostis"
"5","Ajuga"
"6","Allium"
"7","Alopecurus"
"8","Anagallis"
"9","Anthyllis"
"10","Arabidopsis"
"11","Arabis"
"12","Arenaria"
"13","Avenella"
"14","Bellis"
"15","Betula"
"16","Biscutella"
"17","Brachypodium"
"18","Bromus"
"19","Bupleurum"
"20","Calluna"
"21","Campanula"
"22","Capsella"
"23","Capsicum"
"24","Cardamine"
"25","Carduus"
"26","Carex"
"27","Castanea"
"28","Cerastium"
"29","Chaerophyllum"
"30","Chamaemelum"
"31","Chenopodium"
"32","Cirsium"
"33","Citrullus"
"34","Clematis"
"35","Clinopodium"
"36","Coriandrum"
"37","Crataegus"
"38","Crepis"
"39","Daboecia"
"40","Dactylis"
"41","Dianthus"
"42","Digitalis"
"43","Echium"
"44","Elsholtzia"
"45","Erica"
"46","Erinus"
"47","Erucastrum"
"48","Eryngium"
"49","Erysimum"
"50","Erythronium"
"51","Euphrasia"
"52","Fagus"
"53","Festuca"
"54","Galium"
"55","Genista"
"56","Gentiana"
"57","Geranium"
"58","Glandora"
"59","Glechoma"
"60","Globularia"
"61","Helianthemum"
"62","Helictochloa"
"63","Helictotrichon"
"64","Helleborus"
"65","Hippocrepis"
"66","Holcus"
"67","Hordeum"
"68","Hypericum"
"69","Hypochaeris"
"70","Jacobaea"
"71","Jasione"
"72","Knautia"
"73","Lamium"
"74","Lathraea"
"75","Lathyrus"
"76","Leontodon"
"77","Leucanthemum"
"78","Libanotis"
"79","Ligustrum"
"80","Linaria"
"81","Lolium"
"82","Lotus"
"83","Malus"
"84","Medicago"
"85","Melampyrum"
"86","Mentha"
"87","Minuartia"
"88","Miscanthus"
"89","Myosotis"
"90","Narcissus"
"91","Pedicularis"
"92","Pilosella"
"93","Plantago"
"94","Poa"
"95","Polycnemum"
"96","Polygala"
"97","Polygonum"
"98","Populus"
"99","Potentilla"
"100","Primula"
"101","Pritzelago"
"102","Prunella"
"103","Pulmonaria"
"104","Quercus"
"105","Ranunculus"
"106","Rhinanthus"
"107","Rosa"
"108","Rubus"
"109","Rumex"
"110","Salix"
"111","Sambucus"
"112","Saxifraga"
"113","Scabiosa"
"114","Scrophularia"
"115","Sedum"
"116","Sesleria"
"117","Setaria"
"118","Sideritis"
"119","Sisymbrium"
"120","Solanum"
"121","Stellaria"
"122","Stipa"
"123","Symphytum"
"124","Tanacetum"
"125","Taraxacum"
"126","Teucrium"
"127","Thymus"
"128","Tilia"
"129","Trifolium"
"130","Triglochin"
"131","Ulex"
"132","Ulmus"
"133","Urtica"
"134","Vaccinium"
"135","Valeriana"
"136","Veronica"
"137","Vicia"
"138","Viola"
"139","Vitis"
"140","Wahlenbergia"
"141","Ziziphora"
